-- phpMyAdmin SQL Dump
-- version 4.6.6
-- https://www.phpmyadmin.net/
--
-- Počítač: localhost
-- Vytvořeno: Úte 22. kvě 2018, 21:22
-- Verze serveru: 10.1.26-MariaDB
-- Verze PHP: 7.0.25

SET SQL_MODE = "NO_AUTO_VALUE_ON_ZERO";
SET time_zone = "+00:00";


/*!40101 SET @OLD_CHARACTER_SET_CLIENT=@@CHARACTER_SET_CLIENT */;
/*!40101 SET @OLD_CHARACTER_SET_RESULTS=@@CHARACTER_SET_RESULTS */;
/*!40101 SET @OLD_COLLATION_CONNECTION=@@COLLATION_CONNECTION */;
/*!40101 SET NAMES utf8mb4 */;

--
-- Databáze: `hrao01`
--

-- --------------------------------------------------------

--
-- Struktura tabulky `activate_account`
--

DROP TABLE IF EXISTS `activate_account`;
CREATE TABLE `activate_account` (
  `accessToken` varchar(100) NOT NULL,
  `id` int(255) NOT NULL,
  `requestStart` int(255) NOT NULL
) ENGINE=InnoDB DEFAULT CHARSET=latin1;

-- --------------------------------------------------------

--
-- Struktura tabulky `change_password`
--

DROP TABLE IF EXISTS `change_password`;
CREATE TABLE `change_password` (
  `accessToken` varchar(20) CHARACTER SET utf8 NOT NULL,
  `id` int(255) NOT NULL,
  `newPassword` varchar(255) CHARACTER SET utf8 NOT NULL,
  `requestStart` int(255) NOT NULL
) ENGINE=InnoDB DEFAULT CHARSET=latin1;

-- --------------------------------------------------------

--
-- Struktura tabulky `client`
--

DROP TABLE IF EXISTS `client`;
CREATE TABLE `client` (
  `id` int(255) NOT NULL,
  `name` varchar(255) NOT NULL,
  `email` varchar(255) NOT NULL,
  `password` varchar(255) DEFAULT NULL,
  `role` enum('ADMIN','REGISTERED','','') NOT NULL DEFAULT 'REGISTERED',
  `active` tinyint(1) NOT NULL DEFAULT '0',
  `facebook_id` int(100) DEFAULT NULL
) ENGINE=InnoDB DEFAULT CHARSET=utf8;

--
-- Vypisuji data pro tabulku `client`
--

INSERT INTO `client` (`id`, `name`, `email`, `password`, `role`, `active`, `facebook_id`) VALUES
(222, 'Oldřich Hradil', 'hradil.o@email.cz', '$2y$12$IjLooOPVGrArMtFRDJlHneQ8b4qbM2g1oun7dtfI204jcKF819cua', 'ADMIN', 1, 2147483647);

-- --------------------------------------------------------

--
-- Struktura tabulky `contains_of`
--

DROP TABLE IF EXISTS `contains_of`;
CREATE TABLE `contains_of` (
  `id_dictionary` int(255) NOT NULL,
  `first_value` varchar(255) NOT NULL,
  `second_value` varchar(255) NOT NULL
) ENGINE=InnoDB DEFAULT CHARSET=utf8;

--
-- Vypisuji data pro tabulku `contains_of`
--

INSERT INTO `contains_of` (`id_dictionary`, `first_value`, `second_value`) VALUES
(89507, 'bustling', 'rušný'),
(89507, 'cable car', 'lanovka'),
(89507, 'campfire', 'táborák'),
(89507, 'campsite', 'tábořiště'),
(89507, 'inn', 'hospoda'),
(89507, 'kite', 'papírový dark'),
(89507, 'life jacket', 'záchranná vesta'),
(89507, 'picturesque', 'malebné'),
(89507, 'sleeping bag', 'spací pytel'),
(89507, 'sleigh', 'sáně'),
(89507, 'snorkel', 'šnorchl'),
(89508, 'be captivated by', 'zaujmout'),
(89508, 'be fond of', 'mít někoho nebo něco rád'),
(89508, 'be keen on', 'dychtit po'),
(89509, 'bathrobe', 'župan'),
(89509, 'chambermaid', 'pokojská'),
(89509, 'complimentary', 'bezplatně'),
(89509, 'duvet', 'přikrývka'),
(89509, 'foyer', 'vstupní hala'),
(89509, 'hanger', 'ramínko'),
(89509, 'linen', 'ložní prádlo'),
(89509, 'lounge bar', 'salónek'),
(89509, 'porter', 'nosič, portýr'),
(89509, 'room service', 'pokojová služba'),
(89509, 'twin room', 'dvoulůžkový pokoj'),
(89510, 'alter', 'změnit'),
(89510, 'demote', 'degradovat'),
(89510, 'deteriorate', 'zhoršit'),
(89511, 'banknote counter', 'počítadlo bankovek'),
(89511, 'bonus', 'prémie'),
(89511, 'cashier', 'pokladní'),
(89511, 'duty', 'clo'),
(89511, 'fare', 'jízdné'),
(89511, 'grant', 'dotace'),
(89511, 'mortgage', 'hypotéka'),
(89511, 'royalty', 'honorář'),
(89511, 'till', 'pokladna'),
(89511, 'token', 'žeton'),
(89511, 'vault', 'trezor'),
(89512, 'bride', 'nevěsta'),
(89512, 'cot', 'dětská postýlka'),
(89512, 'maternity', 'mateřství'),
(89512, 'miscarriage', 'potrat'),
(89512, 'mourn', 'truchlit'),
(89512, 'obituary', 'nekrolog'),
(89512, 'pram', 'dětský kočárek'),
(89512, 'propose', 'požádat o ruku'),
(89512, 'retired', 'v důchodu'),
(89512, 'toddler', 'batole'),
(89512, 'will', 'vůle'),
(89512, 'wreath', 'věnec'),
(89513, 'barometer', 'tlakoměr'),
(89513, 'blustery', 'větrný'),
(89513, 'blustery wind', 'prudký vítr'),
(89513, 'crashing thunder', 'hlasitý hrom'),
(89513, 'drizzle', 'mrholení'),
(89513, 'drought', 'sucho'),
(89513, 'gale', 'vichřice'),
(89513, 'gloomy', 'ponurý'),
(89513, 'gust of wind', 'poryv větru'),
(89513, 'hailstorm', 'krupobití'),
(89513, 'heatwave', 'horko'),
(89513, 'humidity', 'vlhkost vzduchu'),
(89513, 'lightning', 'blesk'),
(89513, 'mist', 'mlha'),
(89513, 'muggy', 'vlhko a teplo'),
(89513, 'overcast', 'zateženo'),
(89513, 'precipitation', 'srážky'),
(89513, 'puddle', 'kaluž'),
(89513, 'scorching', 'spálení'),
(89513, 'stifling', 'nedýchatelno, těžké na dýchání'),
(89513, 'thick fog', 'hustá mlha'),
(89513, 'torrential rain', 'prudký déšť'),
(89513, 'urban smog', 'městský smog'),
(89514, 'camcorder', 'videokamera'),
(89514, 'classified ads', 'inzeráty'),
(89514, 'editorial', 'úvodní článek'),
(89514, 'home theater', 'domácí kino'),
(89514, 'libel', 'hanobit'),
(89514, 'proprietor', 'majitel'),
(89514, 'quiz show', 'kvíz'),
(89514, 'satellite dish', 'parabolická anténa'),
(89514, 'tabloid', 'bulvár'),
(89514, 'tune in', 'naladit'),
(89515, 'apprehensive', 'obávájící se'),
(89515, 'blissful', 'blažený'),
(89515, 'elated', 'vzrušený'),
(89515, 'gloomy', 'sklíčený'),
(89515, 'hesitant', 'váhající'),
(89515, 'intimidated', 'zastrašený'),
(89515, 'joyful', 'radostný'),
(89515, 'petrified', 'ztuhnutý'),
(89515, 'sorrowful', 'zarmoucený'),
(89516, 'hinge', 'pant'),
(89516, 'keel', 'kýl'),
(89516, 'shutter', 'uzávěr'),
(89516, 'stem', 'stonek'),
(89516, 'yolks', 'žloutek'),
(89517, 'before long', 'zanedlouho'),
(89517, 'for the time being', 'prozatím'),
(89517, 'fortnight', 'čtrnáct dní'),
(89517, 'jubilee', 'jubileum'),
(89517, 'leap year', 'přestupný rok'),
(89517, 'lustrum', 'pětiletí'),
(89518, 'baton', 'obušek'),
(89518, 'easel', 'stojan'),
(89518, 'orchestra pit', 'orchestřiště'),
(89518, 'prompter', 'napovídač (hercům)'),
(89518, 'spotlight', 'reflektor'),
(89518, 'stalls', 'křesla v přízemí'),
(89518, 'still life', 'zátiší'),
(89518, 'tapestry', 'gobelín'),
(89519, 'bandage', 'obvaz'),
(89519, 'come down with sth', 'chytit něco'),
(89519, 'contract a disease', 'chytit nemoc'),
(89519, 'crutches', 'berle'),
(89519, 'fall ill', 'onemocnět'),
(89519, 'indigestion', 'zažívací potíže'),
(89519, 'influenza', 'chřipka'),
(89519, 'measles', 'spalničky'),
(89519, 'nausea', 'nevolnost'),
(89519, 'operating theatre', 'oparační sál'),
(89519, 'pediatrician', 'detský lékař'),
(89519, 'plaster cast', 'sádrový odlitek'),
(89519, 'rash', 'vyrážka'),
(89519, 'stretcher', 'nosítka'),
(89520, 'absent-minded', 'roztržitý'),
(89520, 'bad-tempered', 'mrzutý'),
(89520, 'discourteous', 'nezdvořilý'),
(89520, 'easy-going', 'ležérní, tolerantní'),
(89520, 'indecent', 'sprostý'),
(89520, 'insincere', 'neupřímný'),
(89520, 'narrow-minded', 'přízemní, úzkoprsý'),
(89520, 'thick-skinned', 'necitlivý'),
(89520, 'trustworthy', 'důveryhodný'),
(89521, 'asset', 'aktivum'),
(89521, 'banknote', 'bankovka'),
(89521, 'bartering', 'vyměňování'),
(89521, 'bond', 'dluhopis'),
(89521, 'borrowing ', 'výpůjčka'),
(89521, 'bribe', 'úplatek'),
(89521, 'brick-and-mortar', 'kamenný obchod'),
(89521, 'building society', 'stavební spořitelna'),
(89521, 'cashpoints,ATMs', 'bankomaty'),
(89521, 'clerk', 'úředník'),
(89521, 'commision,brokerage', 'provize'),
(89521, 'confidential', 'důvěrný'),
(89521, 'constitutes', 'představuje'),
(89521, 'contribute', 'přispět'),
(89521, 'corporate bonds ', 'firemní dluhopisy '),
(89521, 'coupon', 'kupón, výnos z úroku'),
(89521, 'credit ', 'úvěr , půjčka'),
(89521, 'crumble ', 'rozpadnout se (o bance)'),
(89521, 'currency', 'Měna, oběživo'),
(89521, 'current account,checking account', 'běžný účet,'),
(89521, 'debt financing', 'financování dluhů'),
(89521, 'default on ', 'promeškat, nedodržet (závazek)'),
(89521, 'default on a loan', 'prodlení z úvěru'),
(89521, 'demand', 'poptávka'),
(89521, 'deposit ', 'vklad '),
(89521, 'deposit in ', 'uložit (peníze)'),
(89521, 'direct debit', 'inkaso'),
(89521, 'earnings', 'příjmy'),
(89521, 'embezzle', 'zpronevěřit'),
(89521, 'equity financing', 'financování vlastního kapitálu'),
(89521, 'expenditure', 'výdaj'),
(89521, 'fare', 'jízdné'),
(89521, 'fees ', 'poplatky '),
(89521, 'fiat money', 'nekryté peníze'),
(89521, 'fine', 'pokuta'),
(89521, 'float a company', 'poprvé prodat akcie společnosti '),
(89521, 'former', 'první zmíněný'),
(89521, 'fractional reserve banking ', 'bankovnictví částečných rezerv '),
(89521, 'go bankrupt', 'zbankrotovat'),
(89521, 'go bust ', 'rozpadnout se '),
(89521, 'go bust', 'zkrachovat, přijít na buben'),
(89521, 'go under ', 'jít ke dnu'),
(89521, 'hedge funds', 'investiční fond'),
(89521, 'high-yield ', 'vysoký výnos'),
(89521, 'illiquid', 'nelikvidní(nedá se změnit v peníze tak rychle)'),
(89521, 'in term of ', 've smyslu'),
(89521, 'insurance coverage', 'pojistné krytí'),
(89521, 'insurance schemes', 'pojistné programy'),
(89521, 'interest rate ', 'úroková sazba '),
(89521, 'intervene', 'zasahovat'),
(89521, 'issuing money', 'vydávání peněz'),
(89521, 'laundering', 'praní špinavých peněz'),
(89521, 'lend out', 'půjčovat'),
(89521, 'lender', 'věřitel'),
(89521, 'liabilities', 'pasiva'),
(89521, 'make loan ', 'poskytovat půjčku'),
(89521, 'maturity date ', 'Datum splatnosti '),
(89521, 'money supply', 'peněžní zdroj'),
(89521, 'moneychangers', 'směnárny'),
(89521, 'monthly balance', 'měsíční zůstatek'),
(89521, 'mortgage', 'Hypotéka'),
(89521, 'mutual funds', 'podílové fondy'),
(89521, 'non-banking financial intermediaries', 'nebankovní finanční zprostředkovatelé'),
(89521, 'overdraft', 'kontokorent'),
(89521, 'owned to ', 'vlastněna(někým)'),
(89521, 'principal', 'jistina(základní peněžní částka, která byla půjčena, nebo která tvořila vklad)'),
(89521, 'quote', 'nabízet'),
(89521, 'refund', 'vratit(peníze)'),
(89521, 'reimburse', 'uhradit'),
(89521, 'repay', 'splatit'),
(89521, 'repayment', 'splátka'),
(89521, 'resentful', 'rozmrzelý'),
(89521, 'resentment', 'odpor'),
(89521, 'retirement savings plans', 'plány úspory na penzi'),
(89521, 'return', 'výnos'),
(89521, 'savings account,deposit accoun,time or notice accountt', 'vkladový účet, spořící účet'),
(89521, 'security', 'cenný papír'),
(89521, 'shares,stocks', 'akcie'),
(89521, 'shortfall', 'schodek,deficit'),
(89521, 'social security, welfare', 'sociální pojištění'),
(89521, 'standing order', 'trvalý příkaz'),
(89521, 'statement', 'výkaz'),
(89521, 'stimulate ', 'podněcovat'),
(89521, 'stock broker', 'burzovní makléř'),
(89521, 'stock market ', 'akciový trh '),
(89521, 'subsidy', 'dotace'),
(89521, 'supply', 'nabídka'),
(89521, 'surcharge', 'příplatek'),
(89521, 'swiftly', 'rychle'),
(89521, 'take out a loan', 'vzít si půjčku'),
(89521, 'takeover', 'převzetí'),
(89521, 'the latter', 'poslední jmenovaný z výčtu'),
(89521, 'thus', 'tím pádem'),
(89521, 'tip', 'spropitné'),
(89521, 'treasury bonds', 'státní dluhopisy'),
(89521, 'trough', 'dno'),
(89521, 'underlying asset class', 'základní třída aktiv'),
(89521, 'vast', 'nesmírný'),
(89521, 'vault', 'Trezor'),
(89521, 'venture capital firms', 'firmy, které pomáhají nové začínajícím společnostem'),
(89521, 'volatility', 'těkavost'),
(89521, 'withdraw', 'vybrat peníze'),
(89522, 'deckchair', 'lehátko'),
(89522, 'sea wall', 'mořská hráz'),
(89523, 'clench your fists', 'sevřit pěsti'),
(89523, 'crawl', 'plazit se'),
(89523, 'creep', 'plíži se'),
(89523, 'dash', 'pospíchat'),
(89523, 'faint', 'omdlít'),
(89523, 'fold your arm', 'skřížit ruce'),
(89523, 'lean', 'opírat se'),
(89523, 'nod', 'přikývnout'),
(89523, 'shiver', 'třást se'),
(89523, 'shrug your shoulders', 'pokrčit rameny'),
(89523, 'sprain your ankle', 'vymknout si kotník'),
(89523, 'stagger', 'vrávorat'),
(89523, 'stamp your foot', 'dupnout'),
(89523, 'stroll', 'procházet se'),
(89523, 'trudge', 'plahočit se'),
(89524, 'armadillo', 'pásovec'),
(89524, 'beak', 'zobák'),
(89524, 'bleat', 'mečet'),
(89524, 'calf', 'tele'),
(89524, 'drake', 'kačer'),
(89524, 'ewe', 'ovce'),
(89524, 'gander', 'houser'),
(89524, 'goose', 'husa'),
(89524, 'grasshopper', 'saranče'),
(89524, 'grunt', 'chrochtat'),
(89524, 'hen', 'slepice'),
(89524, 'hiss', 'syčení'),
(89524, 'hooves', 'kopyta'),
(89524, 'humps', 'hrby'),
(89524, 'ladybug', 'slunéčko sedmitečné'),
(89524, 'lobster', 'humr'),
(89524, 'mare', 'kobyla'),
(89524, 'mew', 'mňoukání'),
(89524, 'neigh', 'rehtání'),
(89524, 'oyster', 'ústřice'),
(89524, 'ram', 'beran'),
(89524, 'rooster', 'kohout'),
(89524, 'shell', 'ulita'),
(89524, 'squeak', 'kvičet'),
(89524, 'stork', 'čáp'),
(89524, 'tusk', 'kel'),
(89524, 'twitter', 'cvrlikání'),
(89524, 'vulture', 'sup'),
(89524, 'walrus', 'mrož'),
(89525, 'beech', 'buk'),
(89525, 'brass', 'mosaz'),
(89525, 'china', 'porcelán'),
(89525, 'clay', 'jíl'),
(89525, 'cone', 'kůžel'),
(89525, 'crescent', 'půlměsíc'),
(89525, 'cylinder', 'válec'),
(89525, 'lead', 'olovo'),
(89525, 'linen', 'plátno'),
(89525, 'pine', 'borovice'),
(89525, 'quartz', 'křemen'),
(89525, 'scarce', 'vzácný, nedostatkový'),
(89525, 'sphere', 'koule'),
(89525, 'stained glass', 'barvené sklo'),
(89525, 'timber', 'dřevo'),
(89526, 'barn', 'stodola'),
(89526, 'mist', 'mlha'),
(89527, 'bouncer', 'vyhazovač'),
(89527, 'carpenter', 'tesař'),
(89527, 'clerk', 'úřeník'),
(89527, 'dressmaker', 'švadlena'),
(89527, 'dustman', 'popelář'),
(89527, 'foreman', 'mistr'),
(89527, 'gardener', 'zahradník'),
(89527, 'glazier', 'sklenář'),
(89527, 'governor', 'guvernér'),
(89527, 'mason', 'zedník'),
(89527, 'plasterer', 'štukatér'),
(89527, 'plumber', 'instalatér'),
(89527, 'principal', 'ředitel školy'),
(89527, 'tailor', 'krejčí'),
(89527, 'teller', 'pokladník'),
(89527, 'welder', 'svářeč'),
(89528, 'brush up', 'zopakovat si, vyšperkovat'),
(89528, 'bulletin board', 'nástěnka'),
(89528, 'canteen', 'jídelna'),
(89528, 'caretaker', 'domovník'),
(89528, 'comprehensive', 'obsáhlý'),
(89528, 'enroll', 'zapsat'),
(89528, 'nursery', 'školka'),
(89528, 'physical education', 'tělocvik'),
(89528, 'play truant', 'chodit za školu'),
(89528, 'playground', 'dětské hřiště'),
(89528, 'pupil', 'žák'),
(89528, 'take an exam, do an exam, sit an exam', 'udělat zkoušku'),
(89528, 'take notice of', 'vzít na vědomí'),
(89529, 'driveway', 'příjezdová cesta'),
(89529, 'flowerbed', 'záhon'),
(89529, 'hedge', 'živý plot'),
(89529, 'hive', 'úl'),
(89529, 'letterbox', 'poštovní schránka'),
(89529, 'patio', 'nádvoří'),
(89529, 'railings', 'zábradlí'),
(89529, 'washing line', 'šňůra na věšení prádla'),
(89530, 'marker', 'zvýrazňovač'),
(89530, 'paper clip', 'kancelářská svorka'),
(89530, 'pencil sharpener', 'ořezávátko'),
(89530, 'scotch tape', 'lepící páska'),
(89530, 'staples', 'sponky'),
(89531, 'admission', 'vstupné'),
(89531, 'aisle', 'ulička'),
(89531, 'amusement park', 'zábavní park'),
(89531, 'boo', 'vypískat'),
(89531, 'conductor', 'dirigent'),
(89531, 'out of tune', 'rozladěný'),
(89531, 'playwright', 'dramatik'),
(89531, 'rehearsal', 'nácvik, zkouška'),
(89532, 'board games', 'stolní hra'),
(89532, 'cookery', 'vaření'),
(89532, 'cookery book', 'kniha o vaření'),
(89532, 'gardening', 'práce na zahradě'),
(89532, 'woodwork', 'vyřezávání ze dřeva'),
(89533, 'amplifier', 'zesilovač'),
(89533, 'chisel', 'dláto'),
(89533, 'clippers', 'zahradnické nůžky'),
(89533, 'pliers', 'kleště'),
(89533, 'rake', 'hrábě'),
(89533, 'scaffolding', 'lešení'),
(89533, 'spade', 'rýč'),
(89533, 'vice', 'svěrák'),
(89534, 'catch sb red-handed', 'chytit někoho při činu'),
(89534, 'forge', 'padělat'),
(89534, 'mug', 'přepadnout'),
(89534, 'shoplifting', 'krást v obchodě 	'),
(89535, 'chemist´s', 'lékárna'),
(89535, 'newsagents shop', 'obchod s novinami'),
(89535, 'paper clip', 'kancelářská svorka'),
(89535, 'stapler', 'sešívačka'),
(89535, 'try on', 'zkusit'),
(89536, 'invent', 'vynalézt'),
(89537, 'altitude', 'nadmořská výška'),
(89537, 'diameter', 'průměr'),
(89537, 'equator', 'rovník'),
(89537, 'geographer', 'geograf'),
(89537, 'gulf', 'záliv'),
(89537, 'memory stick', 'paměťová karta'),
(89537, 'sea level', 'hladina moře'),
(89538, 'back up', 'zálohovat'),
(89538, 'mouse pad', 'podložka pod myš'),
(89538, 'power loom', 'mechanický stav'),
(89538, 'stand', 'stojánek'),
(89538, 'swivel chair', 'otáčecí židle'),
(89539, 'apricot', 'meruňka'),
(89539, 'asparagus', 'chřest'),
(89539, 'beetroot', 'červená řepa'),
(89539, 'bland', 'jemný'),
(89539, 'braise', 'dusit'),
(89539, 'cauliflower', 'květák'),
(89539, 'corkscrew', 'vývrtka'),
(89539, 'funnel', 'trychtýř'),
(89539, 'grater', 'struhadlo'),
(89539, 'herring', 'sleď'),
(89539, 'kettle', 'varná konvice'),
(89539, 'lamb', 'jehněčí'),
(89539, 'pepper mill', 'mlýnek na pepř'),
(89539, 'plaice', 'platýz'),
(89539, 'plum', 'švestka'),
(89539, 'rancid', 'zatuchlý'),
(89539, 'rolling pin', 'váleček na těsto'),
(89539, 'savoury', 'pikantní'),
(89539, 'sieve', 'síto'),
(89539, 'simmer', 'vřít'),
(89539, 'stew', 'dusit'),
(89539, 'tin opener', 'otvírák na konzervy'),
(89539, 'toast', 'přípitek'),
(89539, 'trout', 'pstruh'),
(89539, 'veal', 'telecí maso'),
(89540, 'buzz', 'bzučet'),
(89540, 'cheet', 'jásat'),
(89540, 'creak', 'vrzání'),
(89540, 'drip', 'kapání'),
(89540, 'gasp', 'lapat po dechu'),
(89540, 'hiss', 'syčení'),
(89540, 'hum', 'hučení'),
(89540, 'jingle', 'cinkot'),
(89540, 'moan', 'sténání'),
(89540, 'pop', 'prasknout'),
(89540, 'roar', 'řev'),
(89540, 'rustle', 'šustění'),
(89540, 'screech', 'pištění'),
(89540, 'snap', 'křupnutí'),
(89540, 'snore', 'chrápat'),
(89540, 'sob', 'vzlykat'),
(89540, 'splash', 'cáknutí'),
(89540, 'stutter', 'koktat'),
(89540, 'yawn', 'zívnout'),
(89541, 'bonnet', 'kapota'),
(89541, 'boot', 'zavazadlový prostor'),
(89541, 'derailment', 'vykolejení'),
(89541, 'door handle', 'klika'),
(89541, 'filling station', 'čerpací stanice'),
(89541, 'fuel flap', 'palivová klapka'),
(89541, 'headlight', 'přední světlo'),
(89541, 'motorway', 'dálnice'),
(89541, 'overtake', 'předjet'),
(89541, 'pile-up', 'hromadná bouračka'),
(89541, 'port', 'přístav'),
(89541, 'reverse', 'zpátečka'),
(89541, 'roundabout', 'kruhový objezd'),
(89541, 'runway', 'přistávací dráha'),
(89541, 'side mirror', 'boční zrcátko'),
(89541, 'sunroof', 'střešní okno'),
(89541, 'swerve', 'říznout (zatáčku)'),
(89541, 'taillight', 'zadní světlo'),
(89541, 'traffic warder', 'dopravní policista'),
(89541, 'washer jet', 'ostřikovač'),
(89542, 'package tour', 'zájezd'),
(89542, 'voyage', 'plavba'),
(89543, 'draw', 'nerozhodný výsledek'),
(89543, 'hurdling', 'skok přez překážku'),
(89543, 'javelin', 'oštěp'),
(89543, 'puck', 'puk'),
(89543, 'punchbag', 'boxovací pytel'),
(89543, 'referee', 'rozhodčí'),
(89543, 'to blow a whistle', 'zapískat na píšťalku'),
(89544, 'abundant (hojný)', 'scarce (vzácný)'),
(89544, 'bravery', 'cowardice'),
(89544, 'clumsy', 'graceful'),
(89544, 'collect', 'scatter'),
(89544, 'comfort', 'distress'),
(89544, 'deep', 'shallow'),
(89544, 'ignite', 'extinguish'),
(89544, 'intentional', 'accidental'),
(89544, 'occupied', 'vacant'),
(89544, 'permit', 'prohibit'),
(89544, 'picturesque', 'unattractive'),
(89544, 'profit', 'loss'),
(89544, 'renowned', 'unknown'),
(89544, 'serious', 'trivial'),
(89544, 'smile', 'frown'),
(89544, 'willing', 'reluctant'),
(89545, 'anorak', 'bunda'),
(89545, 'apron', 'zástěra'),
(89545, 'baggy', 'vytahané'),
(89545, 'brooch', 'brož'),
(89545, 'buckle', 'přezka'),
(89545, 'clash', 'nehodicící se barvy'),
(89545, 'cufflinks', 'manžetové knoflíčky'),
(89545, 'dressing gown', 'župan'),
(89545, 'fashionable', 'módní'),
(89545, 'knickers', 'kalhotky'),
(89545, 'lingerie', 'spodní prádlo'),
(89545, 'night dress', 'noční košile'),
(89545, 'overcoat', 'kabát'),
(89545, 'pendant', 'přivěšek'),
(89545, 'purse', 'peneženka'),
(89545, 'shoelace', 'tkanička'),
(89545, 'slippers', 'bačkory'),
(89545, 'suspenders', 'podvazky'),
(89545, 'tracksuit', 'tepláková souprava'),
(89545, 'underpants', 'spodky'),
(89545, 'undo', 'vrátit'),
(89545, 'wellingtons', 'gumáky'),
(89545, 'worn out', 'obnošené'),
(89546, 'dutch', 'holandština, holanďan'),
(89546, 'morocco', 'maroko'),
(89546, 'norwegian', 'norština'),
(89546, 'portuguese', 'portugalština'),
(89546, 'romanian', 'rumunština'),
(89547, 'acquaintance', 'známý'),
(89547, 'fiancé', 'snoubenec'),
(89547, 'fiancée', 'snoubenka'),
(89547, 'mother-in-law', 'tchýně'),
(89547, 'nephew', 'synovec'),
(89547, 'niece', 'neteř'),
(89547, 'son-in-law', 'zeť'),
(89548, 'freckles', 'pihy'),
(89548, 'scruffy', 'špinavý, zanedbaný'),
(89548, 'tanned', 'opálený'),
(89549, 'avalanche', 'lavina'),
(89549, 'coral reef', 'korálový útes'),
(89549, 'cracks', 'praskliny'),
(89549, 'drought', 'sucho'),
(89549, 'dumping ground', 'skládka'),
(89549, 'estuary', 'ústí'),
(89549, 'glacier', 'ledovec'),
(89549, 'gorge', 'rokle'),
(89549, 'habitat', 'místo výskytu'),
(89549, 'landslides', 'sesuvy půdy'),
(89549, 'oil slick', 'ropná skvrna'),
(89549, 'peninsula', 'poloostrov'),
(89549, 'tributary', 'přítok'),
(89549, 'wind turbines', 'větrné turbíny'),
(89550, 'landlord', 'domácí'),
(89550, 'refurbished', 'renovovaný'),
(89550, 'spacious', 'prostorný'),
(89551, 'blocks of flats', 'panelák'),
(89551, 'estate agent', 'realitní agent'),
(89551, 'suburban', 'předměstské'),
(89552, 'bedspread', 'přehoz přes postel'),
(89552, 'blender', 'mixér'),
(89552, 'cutting board', 'prkýnko'),
(89552, 'dressing table', 'toaletní stolek'),
(89552, 'dryer', 'sušička'),
(89552, 'soap dish', 'miska na mýdlo'),
(89553, 'blinds', 'žaluzie'),
(89553, 'cellar', 'sklep'),
(89553, 'cornise', 'římsa'),
(89553, 'drain pipe', 'odtokové potrubí'),
(89553, 'gutter', 'okap'),
(89553, 'porch', 'veranda'),
(89553, 'window sill', 'okenní parapet'),
(89554, 'bungalow', 'přízemní dům'),
(89554, 'detached house', 'samostatný dům'),
(89554, 'semi-detached house', 'dvoupatrový dům(spojený s ostatními domy v řadě pouze zdmi)'),
(89554, 'storey', 'podlaží'),
(89554, 'terraced house', 'řadový dům'),
(89555, 'acquaint', 'seznámit se'),
(89555, 'avail', 'využít'),
(89555, 'bumbler', 'bumbler'),
(89555, 'condescending', 'blahosklonný'),
(89555, 'contempt', 'opovržení'),
(89555, 'cur', 'voříšek'),
(89555, 'eloquence', 'výmluvnost'),
(89555, 'floor boards', 'podlahové desky'),
(89555, 'gander', 'houser'),
(89555, 'gaze out', 'vyhlížet ven'),
(89555, 'glances', 'pohledy'),
(89555, 'grandeur', 'majestátnost'),
(89555, 'gurgle', 'bublání'),
(89555, 'imperative', 'rozkazovací způsob'),
(89555, 'incredulity', 'nedůvěřivost'),
(89555, 'indignation', 'rozhořčení'),
(89555, 'invigorating', 'povzbuzující'),
(89555, 'mirthless', 'neveselý'),
(89555, 'neuters', 'bezpohlavní jedinec'),
(89555, 'purse', 'peněženka'),
(89555, 'quiver', 'toulec'),
(89555, 'relent', 'zmírnit'),
(89555, 'scowls', 'chvění'),
(89555, 'scrutinise', 'zkoumat'),
(89555, 'shudder', 'zachvění'),
(89555, 'snag', 'zádrhel'),
(89555, 'sneer', 'úšklebek'),
(89555, 'snugly', 'pohodlně'),
(89555, 'stale', 'zatuchlý'),
(89555, 'stow', 'uložit(bezpečně uschovat)'),
(89555, 'supper', 'večeře'),
(89555, 'tincture', 'tinktura'),
(89555, 'tourniquet', 'turniket'),
(89555, 'tranquil', 'klidný'),
(89555, 'utter', 'naprostý'),
(89555, 'versed', 'zběhlý'),
(89555, 'wicked', 'zlý'),
(89556, 'acolyte', 'ministrant'),
(89556, 'adverse', 'nepříznivý'),
(89556, 'affluent', 'blahobytný'),
(89556, 'allegation', 'tvrzení'),
(89556, 'arcane', 'mysteriózní,tajemný'),
(89556, 'assertion', 'tvrzení'),
(89556, 'ballot', 'hlasování'),
(89556, 'banausic', 'světský'),
(89556, 'bemoan', 'oplakávat'),
(89556, 'berate', 'nadávat'),
(89556, 'bludgeon', 'klacek'),
(89556, 'brazen', 'drzý,nestydatý'),
(89556, 'convoluted', 'spletitý'),
(89556, 'defiant', 'vzdorný'),
(89556, 'deplore', 'litovat'),
(89556, 'deter', 'odradit'),
(89556, 'eke out', 'zacházet s něčím hospodárně'),
(89556, 'elicit', 'vyvolat'),
(89556, 'estranged', 'odcizený'),
(89556, 'fallout', 'spad'),
(89556, 'fickle', 'nestálý'),
(89556, 'flux', 'proudění'),
(89556, 'fraught', 'plný'),
(89556, 'incendiary', 'zápalný'),
(89556, 'indoctrinate', 'poučovat'),
(89556, 'insurrection', 'povstání'),
(89556, 'lavish', 'bohatý'),
(89556, 'muse', 'přemýšlet'),
(89556, 'mutiny', 'vzpoura'),
(89556, 'ominous', 'zlověstný'),
(89556, 'outmoded', 'zastaralý'),
(89556, 'perpetuate', 'zachovat'),
(89556, 'precursor', 'předchůdce'),
(89556, 'preponderance', 'převaha'),
(89556, 'privation', 'strádání'),
(89556, 'prompt', 'výzva'),
(89556, 'prudent', 'opatrný'),
(89556, 'puckish', 'nezbedný,zlobivý'),
(89556, 'quaint', 'kuriózní'),
(89556, 'reiterate', 'opakovat,znovu zdůraznit'),
(89556, 'scoff', 'tropit si posměšky'),
(89556, 'self-perpetuating', 'sebevzdělávání'),
(89556, 'spat', 'vyměšovat jikry'),
(89556, 'stark', 'příkrý,strohý'),
(89556, 'tart', 'kyselý,trpký'),
(89556, 'tenatious', 'vytrvalý'),
(89556, 'turd', 'hovno'),
(89556, 'ubiquitous', 'všudypřítomný'),
(89556, 'vernacular', 'nářečí,žargon'),
(89556, 'vigilant', 'bdělý'),
(89557, 'abdictate', 'odstoupit'),
(89557, 'adage', 'pořekadlo'),
(89557, 'adherent', 'přichycený'),
(89557, 'bent', 'ohnutý'),
(89557, 'brood', 'dumat'),
(89557, 'callous', 'otrlý'),
(89557, 'candid', 'upřímný'),
(89557, 'cerebral', 'intelektuální'),
(89557, 'cessation', 'zastavení'),
(89557, 'coax', 'přemluvit'),
(89557, 'cohort', 'kohorta'),
(89557, 'concede', 'připustit'),
(89557, 'conflate', 'zamíchat'),
(89557, 'conjecture', 'dohad'),
(89557, 'contrite', 'zkratka'),
(89557, 'dalliance', 'flirtování'),
(89557, 'dawdle', 'loudatse'),
(89557, 'deft', 'obratný'),
(89557, 'demure', 'upejpavý'),
(89557, 'disingenous', 'znepokojující'),
(89557, 'disparage', 'znevažovat'),
(89557, 'endorse', 'podpořit'),
(89557, 'entrety', 'entrety'),
(89557, 'exacerbate', 'zhoršuje'),
(89557, 'facetious', 'vtipný'),
(89557, 'fib', 'nevinnalež'),
(89557, 'frivolous', 'povrchní'),
(89557, 'furtive', 'kradmý'),
(89557, 'haughty', 'povýšený'),
(89557, 'highfalutin', 'domýšlivý'),
(89557, 'impertinent', 'impertinentní'),
(89557, 'incisive', 'pronikavý'),
(89557, 'indolent', 'indolentní'),
(89557, 'lackadaisical', 'lhostejný'),
(89557, 'languid', 'malátný'),
(89557, 'lascivious', 'lascivní'),
(89557, 'mischievous', 'zlomyslný'),
(89557, 'partisan', 'partyzán'),
(89557, 'pervade', 'prostupujese'),
(89557, 'plethora', 'plethora'),
(89557, 'poignant', 'bolestný'),
(89557, 'proclivity', 'sklon'),
(89557, 'recriminate', 'rekriminovat'),
(89557, 'repeal', 'zrušení'),
(89557, 'scamper', 'poskakovat'),
(89557, 'showdown', 'showdown'),
(89557, 'spate', 'záplava'),
(89557, 'trifling', 'bezvýznamný'),
(89557, 'unduly', 'neoprávněně'),
(89557, 'verve', 'elán'),
(89558, 'Blimp', 'Balón'),
(89558, 'Brag', 'Vychloubat se'),
(89558, 'confluent', 'splynutí'),
(89558, 'contrair', 'opak'),
(89558, 'cushions', 'polštáře'),
(89558, 'cushions', 'zmírnit'),
(89558, 'deterrent', 'odstrašující prostředek'),
(89558, 'Flip out', 'Vyklopit, vylítnout'),
(89558, 'gullible', 'naivní'),
(89558, 'Haggle', 'Smlouvat'),
(89558, 'hand out', 'rozdávat'),
(89558, 'hickey', 'cucflek'),
(89558, 'hornswoggle', 'zahnout někomu'),
(89558, 'kickback', 'úplatek'),
(89558, 'Livelihood', 'Živobytí'),
(89558, 'skipping', 'poskakovat si'),
(89558, 'snuggle', 'přitulit se'),
(89558, 'stapler', 'sešívačka'),
(89558, 'tush', 'hýždě člověka'),
(89558, 'Whiny', 'Ufňukaný'),
(89558, 'wiperblades', 'stěrače'),
(89559, 'adore', 'obdivovat '),
(89559, 'approach ', 'přístup '),
(89559, 'arrange ', 'uspořádat '),
(89559, 'as a matter of fact ', 've skutečnosti '),
(89559, 'contradict ', 'odporovat, popírat '),
(89559, 'cross out ', 'vyškrtnout '),
(89559, 'dreadful', 'strašlivý '),
(89559, 'dull ', 'hloupý '),
(89559, 'emerge ', 'vyplívat, vynořovat se '),
(89559, 'engaged in ', 'zabývající se '),
(89559, 'establish ', 'nastolit, navázat '),
(89559, 'exceptionally ', 'výjimečně '),
(89559, 'remark ', 'namítnout, poznamenat '),
(89559, 'small talk ', 'pokec '),
(89560, 'auxiliary', 'pomocný '),
(89560, 'bar chart ', 'sloupcový diagram'),
(89560, 'chart ', 'graf '),
(89560, 'conclude, finish ', 'uzavřít '),
(89560, 'conduct, carry out ', 'vykonat, provést '),
(89560, 'convey ', 'sdělit '),
(89560, 'emphasis', 'důraz'),
(89560, 'flipchart ', 'přenostná prezenční papírová tabule '),
(89560, 'flow chart ', 'Vývojový diagram '),
(89560, 'in conclusion', 'na závěr'),
(89560, 'incomprehensible ', 'nepochopitelný'),
(89560, 'line graph ', 'Spojnicový graf '),
(89560, 'overview, outline ', 'přehled '),
(89560, 'pie chart ', 'koláčový diagram '),
(89560, 'remunerate, pay ', 'platit '),
(89560, 'stress ', 'přízvuk'),
(89560, 'take into account ', 'vzít v úvahu '),
(89560, 'utilize,use ', 'použít '),
(89561, 'backlash', 'odveta, vůle '),
(89561, 'conclude ', 'uzavřít '),
(89561, 'conveniently, advantegously ', 'výhodně '),
(89561, 'execute the goal ', 'splnit cíl '),
(89561, 'interns', 'stážisté '),
(89561, 'internship', 'stáž'),
(89561, 'intrinsic motivation,inner drive ', 'vnitřní motivace '),
(89561, 'latest figures ', 'nejnovější čísla '),
(89561, 'liaise with somebody ', 'spolupracovat s někým'),
(89561, 'mediocrity ', 'průměrnost '),
(89561, 'noticeboard ', 'nástěnka'),
(89561, 'pioneer', 'průkopník'),
(89561, 'praise and recognition ', 'chvála a uznání '),
(89561, 'set objective ', 'stanovit cíl '),
(89561, 'timeline ', 'časová osa'),
(89561, 'unit ', 'oddělení '),
(89561, 'workforce ', 'pracovní síla '),
(89562, 'acquisition ', 'získávání '),
(89562, 'ambiguous ', 'dvojznačný '),
(89562, 'ample ', 'hojný, dostatečný '),
(89562, 'anticipate ', 'předvídat,očekávat '),
(89562, 'at the expense of ', 'na úkor '),
(89562, 'chore ', 'fuška '),
(89562, 'conform to ', 'odpovídat '),
(89562, 'contemplating ', 'uvažovat '),
(89562, 'contribution ', 'příspěvek'),
(89562, 'courtesy ', 'zdvořilost '),
(89562, 'diverse ', 'rozmanitý'),
(89562, 'embrace ', 'objetí '),
(89562, 'hammock', 'houpací síť'),
(89562, 'harsh ', 'krutý '),
(89562, 'impose ', 'uložit '),
(89562, 'inauthentic ', 'nevěrohodný '),
(89562, 'intrude ', 'narušovat '),
(89562, 'intrusive ', 'dotěrný'),
(89562, 'memos ', 'písmené vnitřní sdělení '),
(89562, 'misinterpretation ', 'chybné vysvětlení '),
(89562, 'obligation ', 'povinnost '),
(89562, 'obstacle ', 'překážka '),
(89562, 'obtain ', 'získat '),
(89562, 'off-site ', 'mimo '),
(89562, 'ought ', 'měl '),
(89562, 'outspoken ', 'otevřený '),
(89562, 'perceive ', 'vnímat '),
(89562, 'profit sharing ', 'podílet se na zisku '),
(89562, 'readily ', 'snadno '),
(89562, 'regard for authority ', 's ohledem na autoritu'),
(89562, 'reliant ', 'závislý '),
(89562, 'reluctant ', 'neochotný '),
(89562, 'strive for ', 'usilovat o '),
(89562, 'tend to favour ', 'upřednostňovat '),
(89562, 'therefore ', 'Proto '),
(89562, 'thrives, flourishes ', 'prospívá '),
(89563, 'after some consideration ', 'po váhání '),
(89563, 'concerning ', 'pokud jde o '),
(89563, 'for all concerned ', 'pro všechny zúčastněné '),
(89563, 'inconvenience ', 'nepříjemnost '),
(89563, 'initially ', 'Zpočátku '),
(89563, 'inquire,enquire ', 'dotazovat se '),
(89563, 'occur ', 'dojít k '),
(89563, 'preserve ', 'ochraňovat '),
(89563, 'reside ', 'přebývat '),
(89563, 'retain ', 'udržet '),
(89563, 'subsequently', 'následně'),
(89564, 'acceptance letters ', 'příjmací dopisy '),
(89564, 'accountancy ', 'účetnictví '),
(89564, 'accountant ', 'účetní '),
(89564, 'application form ', 'přihlašovací formulář '),
(89564, 'associated with ', 'spojováno s '),
(89564, 'attribute ', 'přisuzovat '),
(89564, 'cite ', 'citovat, odvolávat se na '),
(89564, 'cope with ', 'poradit si, vyrovnat se s '),
(89564, 'cope with stress ', 'zvládnout stres'),
(89564, 'covering letters ', 'průvodní dopisy '),
(89564, 'CV,resume ', 'životopis '),
(89564, 'devote ', 'věnovat '),
(89564, 'economic contraction ', 'hospodářský pokles '),
(89564, 'establish rapport ', 'navázat vztah '),
(89564, 'evaluate ', 'vyhodnotit '),
(89564, 'eyeball ', 'zírat,civět '),
(89564, 'fill a vacancy ', 'zaplnit volné místo '),
(89564, 'get on with ', 'vycházet'),
(89564, 'glassblowers ', 'skláři '),
(89564, 'graduate from ', 'Absolvent z '),
(89564, 'hand in your notice ', 'přilořžit výpověď '),
(89564, 'headhunter ', 'ten kdo přetahuje pracovníky do jiné firmy '),
(89564, 'job vacancy ', 'volné pracovní místo '),
(89564, 'lack of applicable skills ', 'nedostatek použitelných dovedností '),
(89564, 'likewise ', 'podobně, stejně tak '),
(89564, 'make redundant, dismiss,lay off', 'propustit '),
(89564, 'make your good qualities stand out ', 'nechat své přednosti vyniknout '),
(89564, 'narrow down applicants ', 'zůžit uchazeče '),
(89564, 'on behalf of ', 'v zastoupení '),
(89564, 'outsource ', 'externě zajišťovat '),
(89564, 'part time ', 'částečný úvazek '),
(89564, 'payroll ', 'výplatní páska '),
(89564, 'permanent ', 'trvalý (práce)'),
(89564, 'preferably a native speaker ', 'přednostně rodilý mluvčí '),
(89564, 'preliminary ', 'předběžný '),
(89564, 'prospects ', 'šance,vyhlídky '),
(89564, 'redundancy pay ', 'odstupné '),
(89564, 'rejection letters ', 'odmítací dopisy '),
(89564, 'resign, recession', 'odstoupit '),
(89564, 'sack ', 'vyhazov '),
(89564, 'senior job ', 'vysoce postavený post '),
(89564, 'shortlist ', 'užší výběr '),
(89564, 'temporary ', 'dočasný(práce)'),
(89564, 'to line up with something ', 'vyrovnávat se z něčím '),
(89564, 'to weed out something ', 'vyřadit něco '),
(89564, 'undertake ', 'ujmout se, vzít si '),
(89564, 'vaguely ', 'nějasně '),
(89565, 'approval ', 'schválení '),
(89565, 'arise ', 'vzniknout '),
(89565, 'auxiliary ', 'pomocný'),
(89565, 'bias', 'předsudek '),
(89565, 'carefree ', 'bezstarostný'),
(89565, 'chatterbox ', 'povídálek, mluvka '),
(89565, 'coin ', 'vymyslet'),
(89565, 'confide ', 'svěřit se '),
(89565, 'consultancy ', 'poradenství '),
(89565, 'counterfeit brands ', 'padělané značky '),
(89565, 'create a buzz ', 'způsobit rozruch '),
(89565, 'deliberately ', 'záměrně '),
(89565, 'demand for ', 'poptávka po '),
(89565, 'diffuse ', 'rozšířit se'),
(89565, 'distinctive ', 'výrazný '),
(89565, 'distinguishing ', 'rozlišovací '),
(89565, 'elaborate ', 'rozpracovat '),
(89565, 'entrust ', 'svěřit '),
(89565, 'excessive consumerism ', 'nadměrný konzumerismus '),
(89565, 'fizzle out ', 'vyšumět'),
(89565, 'flip side ', 'odvrácená strana '),
(89565, 'genuine ', 'originální '),
(89565, 'hint ', 'náznak, narážet '),
(89565, 'immense ', 'obrovský '),
(89565, 'incentive ', 'pobídka'),
(89565, 'inclusion ', 'zahrnutí '),
(89565, 'incorporate ', 'zahrnout '),
(89565, 'label, brand ', 'značka'),
(89565, 'marital status ', 'stav (svobodný ..)'),
(89565, 'modality ', 'metoda'),
(89565, 'niche market ', 'mezera na trhu'),
(89565, 'obsolete ', 'zastaralé '),
(89565, 'peer ', 'vrstevník '),
(89565, 'placards ', 'transparenty, poutače'),
(89565, 'pop up ads ', 'vyskakovací reklamy '),
(89565, 'prevalent ', 'převládající '),
(89565, 'product portfolio', 'rozsah produktů '),
(89565, 'prospect ', 'potenciální zákazník '),
(89565, 'pursue', 'sledovat'),
(89565, 'recluse ', 'samotář '),
(89565, 'regulatory restrictions ', 'regulační předpisy '),
(89565, 'retail spaces ', 'maloobchodní prostory '),
(89565, 'slogan, tagline ', 'motto, heslo '),
(89565, 'superior ', 'nadřízený '),
(89565, 'sweatshops ', 'manufaktury '),
(89565, 'take off ', 'svléci '),
(89565, 'timeless ', 'nadčasový '),
(89565, 'trademark', 'ochranná známka'),
(89565, 'weary ', 'unavený '),
(89565, 'wholesaler ', 'velkoobchodník '),
(89566, 'develop', 'rozvíjet'),
(89566, 'follow-up action', 'následná opatření'),
(89566, 'get through', 'spojit(telefonicky někoho s nekým)'),
(89566, 'greet', 'pozdravit'),
(89566, 'hang on, hold on', 'vydrž'),
(89566, 'hang up, ring off', 'zavěsit'),
(89566, 'immediate response', 'Okamžitá odpověď'),
(89566, 'pick up the phone, answer the phone', 'zvednout telefon'),
(89566, 'put through to somebody', 'předat někomu'),
(89566, 'request', 'požádat'),
(89566, 'ring up ', 'zatelefonovat'),
(89566, 'speak up ', 'mluvit nahlas'),
(89566, 'urgent problem', 'naléhavý problém'),
(89567, 'a great deal of ', 'velké množství '),
(89567, 'affect', 'ovlivňovat'),
(89567, 'agenda', 'denní program'),
(89567, 'as long as', 'pokud, dokud'),
(89567, 'big deal', 'velká věc'),
(89567, 'clarify ', 'objasnit '),
(89567, 'classified into', 'rozřazeny do '),
(89567, 'close,clinch a deal', 'sjednat dohodu'),
(89567, 'commitment', 'závazek'),
(89567, 'comromise on ', 'domluvit se na, kompromis v '),
(89567, 'converging', 'sbíhavý'),
(89567, 'deal in ', 'obchodovat s '),
(89567, 'deal something out ', 'rozdat (např. karty)'),
(89567, 'deal with', 'vypořádat se s '),
(89567, 'draft a contract', 'vypracovat smlouvu'),
(89567, 'embroidered', 'vyšívané'),
(89567, 'exploratory talk', 'zjišťující rozhovor'),
(89567, 'fading', 'upadající, vadnoucí'),
(89567, 'feasible,doable', 'udělatelné'),
(89567, 'get a good deal ', 'výhodná koupě'),
(89567, 'get a raw,rough deal ', 'nevýhodný obchod(be badly treated)'),
(89567, 'hyphen', 'spojovací čárka'),
(89567, 'in this respect', 'v tomto ohledu'),
(89567, 'intended', 'zamýšlený, plánovaný '),
(89567, 'introduce proposal', 'představit návrh'),
(89567, 'invoice', 'faktura'),
(89567, 'make concession', 'ustoupit'),
(89567, 'merger ', 'fúze '),
(89567, 'mode of transport', 'způsob dopravy'),
(89567, 'negotiable', 'vyjednáváníschopný'),
(89567, 'on condition ', 'za podmínky '),
(89567, 'partial shipments', 'dílčí zásilky'),
(89567, 'promptly', 'okamžitě'),
(89567, 'raise issues', 'vznést otázky'),
(89567, 'resolve ', 'vyřešit'),
(89567, 'shipper ', 'přepravce '),
(89567, 'somthing is a done deal', 'něco, co je to hotová věc'),
(89567, 'square deal,fair bargain ', 'solidní jednání, férová dohoda'),
(89567, 'staff costs', 'náklady na zaměstnance'),
(89567, 'strike, cut, seal a deal ', 'uzavřít dohodu'),
(89567, 'subject to ', 'na základě'),
(89567, 'unless', 'ledaže'),
(89567, 'win-win solution', 'oboustraně výhodné řešení '),
(89568, 'allocate ', 'přidělit '),
(89568, 'alongside', 'vedle'),
(89568, 'anticipate ', 'očekávat'),
(89568, 'balance inflation', 'vyrovnat inflaci'),
(89568, 'blush', 'ruměnec'),
(89568, 'bonds, debentures', 'obligace, dluhopisy'),
(89568, 'business entities', 'podnikatelské subjekty '),
(89568, 'capital gains tax ', 'daň z kapitálových výnosů '),
(89568, 'collect tax ', 'vybírat daň'),
(89568, 'consumption', 'spotřeba'),
(89568, 'corporate tax ', 'daně z příjmu právnických osob '),
(89568, 'cost,expenditure ', 'náklady '),
(89568, 'customs duty ', 'clo'),
(89568, 'deduct something of ', 'odečíst si něco(např. z daně)'),
(89568, 'deductible item', 'Odečitatelná položka'),
(89568, 'depend solely on ', 'závisí výhradně na '),
(89568, 'disability pensions', 'invalidní důchody'),
(89568, 'disruption ', 'narušení '),
(89568, 'ease ', 'zmírnit'),
(89568, 'ecological tax ', 'ekologická daň '),
(89568, 'economic incentive ', 'ekonomický stimul'),
(89568, 'empower', 'zmocnit (někoho něčím)'),
(89568, 'excise duty ', 'spotřební daň'),
(89568, 'expense, spending ', 'výdaj'),
(89568, 'expenses', 'výdaje'),
(89568, 'externalities ', 'externality (označení pro vnější účinek nějakého ekonomického rozhodnutí, který nese někdo jiný než její původce - př. znečištění životního prostředí)'),
(89568, 'falsify ', 'padělat '),
(89568, 'financial charge imposed on a taxpayer ', 'finanční zatížení uložené na plátce daní '),
(89568, 'fiscal policy', 'fiskální politika(ekonomika státu, která se snaží ovlivňovat vývoj ekonomiky změnami výše a struktury veřejných výdajů a daní)'),
(89568, 'flat tax ', 'rovná daň '),
(89568, 'gift gains tax ', 'darovací daň'),
(89568, 'government consumption', 'Spotřeba vlády'),
(89568, 'gross income', 'hrubý příjem'),
(89568, 'ground rules ', 'základní pravidla '),
(89568, 'incentive ', 'pobídka, stimul'),
(89568, 'infant industry ', 'mladé vznikající průmyslové odvětví '),
(89568, 'inheritance tax ', 'dědická daň '),
(89568, 'juristic person', 'právnická osoba'),
(89568, 'levy taxes', 'vybírat daně'),
(89568, 'limited by volume', 'limitovaný objemem (např. import)'),
(89568, 'low profit margin', 'nízká zisková marže'),
(89568, 'make a fortune ', 'zbohatnout'),
(89568, 'merit good ', 'obecně prospěšný statek ( př. lampa)'),
(89568, 'monetary policy', 'měnová politika(tvoří ji souhrn zásad a opatření, které mají prostřednictvím měnových nástrojů dosáhnout splnění cílů)'),
(89568, 'natural person', 'fyzická osoba'),
(89568, 'net income', 'čistý příjem'),
(89568, 'pay slip', 'výplatní páska'),
(89568, 'postal service ', 'poštovní služby '),
(89568, 'postpone ', 'odložit '),
(89568, 'progressive tax system', 'progesivní daňový systém'),
(89568, 'property tax ', 'daň z nemovitosti '),
(89568, 'proportional tax system', 'proporcionální daňový systém'),
(89568, 'providing legislation', 'poskytování právních předpisů '),
(89568, 'public good', 'veřejný statek'),
(89568, 'public transportation', 'Veřejná doprava'),
(89568, 'raise revenue ', 'zvýšit příjem'),
(89568, 'rate an exam ', 'opakovat zkoušku '),
(89568, 'reassure ', 'uklidnit '),
(89568, 'regressive tax system ', 'regresivní daňový systém '),
(89568, 'renewable ', 'obnovitelné zdroje '),
(89568, 'retirement pensions', 'starobní důchody'),
(89568, 'sole provider ', 'jediný poskytovatel '),
(89568, 'sustainable', 'udržitelný '),
(89568, 'take steps ', 'podnikat kroky '),
(89568, 'tax advisor ', 'daňový poradce '),
(89568, 'tax avoidance ', 'daňová optimalizace '),
(89568, 'tax charge ', 'účtovat daň'),
(89568, 'tax collector', 'výběrčí daní'),
(89568, 'tax deduction ', 'srážka daně '),
(89568, 'tax evasion', 'daňový únik'),
(89568, 'tax exemption', 'osvobození od daně'),
(89568, 'tax form', 'daňový formulář'),
(89568, 'tax gatherer, collector', 'výběrčí daní'),
(89568, 'tax haven', 'daňový ráj(čte se hejvn)'),
(89568, 'tax liability', 'daňová povinnost'),
(89568, 'tax refund ', 'přeplatek daně (jsou nám vráceny peníze)'),
(89568, 'tax relief, tax allowance ', 'daňová úleva '),
(89568, 'tax return', 'daňové přiznání'),
(89568, 'tax revenue', 'daňové příjmy'),
(89568, 'to discourage ', 'odradit '),
(89568, 'unemployment benefit', 'podpora v nezaměstnanosti'),
(89568, 'value added tax ', 'DPH'),
(89568, 'vary ', 'lišit se '),
(89568, 'vehicle tax ', 'silniční daň '),
(89569, 'arranged on the page ', 'uspořádány na stránce '),
(89569, 'axes', 'osy'),
(89569, 'bottom out ', 'dosáhnout nejnižšího bodu'),
(89569, 'comply', 'splnit,splňovat'),
(89569, 'concise', 'stručný, výstižný'),
(89569, 'conducted by ', 'prováděny'),
(89569, 'consequently ', 'tudíž'),
(89569, 'curve ', 'křivka '),
(89569, 'deteriorate ', 'zhoršovat '),
(89569, 'display', 'Zobrazit'),
(89569, 'draft ', 'koncept ,návrh'),
(89569, 'executive ', 'vedoucí pracovník'),
(89569, 'findings', 'zjištění, nález'),
(89569, 'fluctuate ', 'kolísat '),
(89569, 'gradually ', 'postupně (se něco mění)'),
(89569, 'in addition to,moreover', 'navíc (k)'),
(89569, 'indicated ', 'uvedený(př. čísla v grafu)'),
(89569, 'inquiry', 'dotaz,otázka'),
(89569, 'intensifiers', 'zesilující výrazy'),
(89569, 'intersect', 'protínat (osy v grafu)'),
(89569, 'jumbled up', 'promíchaný'),
(89569, 'labelled ', 'označeny '),
(89569, 'lay-off', 'propustit'),
(89569, 'layout', 'nákres'),
(89569, 'level off', 'ustálit,stabilizovat se '),
(89569, 'moderate ', 'přiměřený'),
(89569, 'peak', 'vrchol'),
(89569, 'peak time', 'špička'),
(89569, 'plummet ', 'sletět, zřítit se '),
(89569, 'proofread ', 'korektura'),
(89569, 'property crime ', 'majetkové zločiny '),
(89569, 'punctuation', 'interpunkce'),
(89569, 'raise', 'zvýšit'),
(89569, 'rise ', 'vzestup '),
(89569, 'sharply ', 'prudce,náhle '),
(89569, 'shrink', 'scvrknout se '),
(89569, 'sink into a trough', 'rychle klesnout '),
(89569, 'slide ', 'sklouznout,klouzat'),
(89569, 'slump ', 'prudce klesnout, propadnout se '),
(89569, 'soar', 'vznášet se, vzlétat '),
(89569, 'staffing levels ', 'počet zaměstnanců'),
(89569, 'steadily ', 'vytrvale,stále (se něco mění) '),
(89569, 'straight line ', 'přímka '),
(89569, 'surge ', 'nával, příval'),
(89569, 'the origin ', 'počátek (v grafu)'),
(89569, 'to challenge', 'zpochybnit, vznést námitky'),
(89569, 'to employ', 'použít'),
(89569, 'to list', 'vyjmenovat'),
(89569, 'to state ', 'uvést, oznámit'),
(89569, 'unaltered ', 'v nezměněném stavu '),
(89569, 'unwillingness to', 'neochota'),
(89569, 'vague', 'vágní,nejasný, neurčitý'),
(89570, 'abolish ', 'zrušit '),
(89570, 'advanced countries ', 'Vyspělé země '),
(89570, 'allegedly ', 'domněle '),
(89570, 'automotive sector ', 'automobilový průmysl '),
(89570, 'balance of payments deficit', 'schodek platební bilance'),
(89570, 'balance of payments statement ', 'prohlášení o platební bilanci'),
(89570, 'balance of payments surplus ', 'přebytek platební bilance '),
(89570, 'broader scope ', 'širší rozsah '),
(89570, 'buzzword', 'módní slovo'),
(89570, 'condemn', 'odsoudit'),
(89570, 'consonant ', 'souhláska '),
(89570, 'disputes', 'spor'),
(89570, 'economies of scale ', 'úspory z rozsahu '),
(89570, 'elusive ', 'nepolapitelný '),
(89570, 'enterprise ', 'podnik '),
(89570, 'exploiting ', 'využívání '),
(89570, 'free trade ', 'volný obchod '),
(89570, 'get stuck in ', 'uvíznout v '),
(89570, 'grid ', 'mřížka '),
(89570, 'impartially ', 'nestranně '),
(89570, 'in comparison with', 've srovnání s '),
(89570, 'inhabitants ', 'obyvatelé'),
(89570, 'invisible trade ', 'vývoz a dovoz služeb '),
(89570, 'jargon ', 'žargon '),
(89570, 'landfall ', 'dosažení pevniny '),
(89570, 'misconception ', 'falešný dojem'),
(89570, 'multilateral trade talks ', 'Mnohostranná obchodní jednání '),
(89570, 'multinational corporations (MNCs)', 'nadnárodní korporace '),
(89570, 'North american free trade agreement(NAFTA)', 'Dohoda o severoamerickém volném obchodu'),
(89570, 'organisation of the petroleum exporting countries (OPEC)', 'organizace zemí vyvážejících ropu '),
(89570, 'output', 'výstup'),
(89570, 'perishable goods ', 'zboží podléhající rychlé zkáze '),
(89570, 'poverty gap', 'míra chudoby '),
(89570, 'proponents ', 'Zastánci '),
(89570, 'quotas', 'kvóty(omezení dovozu, je napříkald uvalena kvóta na některé zboží)'),
(89570, 'red tape ', 'byrokracie '),
(89570, 'restrictions of trade ', 'omezení obchodu '),
(89570, 'resurface ', 'znovu se vynořit '),
(89570, 'roughly the same ', 'zhruba stejně '),
(89570, 'rullings ', 'rozsudky, rozhodnutí'),
(89570, 'scarcity ', 'nedostatek '),
(89570, 'self-sufficient', 'soběstačný'),
(89570, 'shortage ', 'nedostatek '),
(89570, 'specialize in ', 'specializovat se na '),
(89570, 'standards of living ', 'životní úrověň'),
(89570, 'subcontract', 'subdodávky '),
(89570, 'surplus ', 'přebytek '),
(89570, 'tariff ', 'clo, celní poplatek, tarif'),
(89570, 'trade alliance, trade bloc, trade agreement', 'mezinárodní obchodní dohoda, aliance'),
(89570, 'visible trade ', 'vývoz a dovoz zboží'),
(89570, 'vowel', 'samohláska'),
(89570, 'wheat ', 'pšenice '),
(89570, 'world trade organisation(WTO)', 'světová obchodní organizace '),
(89571, 'assess', 'hodnotit'),
(89571, 'attributable ', 'přičíst,připsatelný '),
(89571, 'bearing full responsibility ', 'nést plnou odpovědnost '),
(89571, 'bottom line ', 'Sečteno a podtrženo '),
(89571, 'capitalize on ', 'vydělávat na '),
(89571, 'charitable causes ', 'charitativní účely'),
(89571, 'commitment ', 'závazek '),
(89571, 'complement ', 'doplněk '),
(89571, 'compliance with the law', 'v souladu s právními předpisy '),
(89571, 'consumption ', 'spotřeba '),
(89571, 'convert to organic production ', 'přejít na ekologickou produkci '),
(89571, 'corporate social responsibility (CSR)', 'sociální odpovědnost podniků'),
(89571, 'depletion ', 'vyprázdnění, vyplýtvání '),
(89571, 'disclose ', 'oznámit, prozradit '),
(89571, 'disregard ', 'pohrdání '),
(89571, 'distort ', 'deformovat, zkreslit '),
(89571, 'downturn ', 'pokles '),
(89571, 'economic ', 'hospodářský'),
(89571, 'elicit ', 'vylákat '),
(89571, 'excess', 'přebytek'),
(89571, 'foster ', 'podporovat '),
(89571, 'fulfilling ', 'splňující '),
(89571, 'inquire ', 'pátrat '),
(89571, 'integrate ', 'integrovat '),
(89571, 'interfere ', 'zasahovat '),
(89571, 'keen to ', 'zapálen do'),
(89571, 'label', 'označení, štítek'),
(89571, 'lace ', 'Krajka '),
(89571, 'lace', 'přidat malé množství někam(př. drogu do pití)'),
(89571, 'managerial ', 'manažérský, řídící '),
(89571, 'marketing ploy ', 'marketingový trik '),
(89571, 'overhead ', 'režijní náklady '),
(89571, 'pay little over the odds ', 'zaplatit něco více než je kurz '),
(89571, 'sourcing ', 'získávání '),
(89571, 'spokesperson ', 'tiskový mluvčí '),
(89571, 'stakeholder ', 'podílník, zainteresovaná osoba '),
(89571, 'supply chain ', 'dodavatelský řetězec '),
(89571, 'tamper ', 'falšovat '),
(89571, 'tangible asset ', 'hmotný majetek'),
(89571, 'whilst ', 'zatímco ,kdežto'),
(89572, 'Absent-minded', 'Roztržitý'),
(89572, 'Abysmal', 'Hrozný'),
(89572, 'damp', 'vlhko'),
(89572, 'dart', 'šipka'),
(89572, 'deficiency', 'Nedostatek'),
(89572, 'Dim', 'Ztlumit(světlo)'),
(89572, 'dork, dull', 'tupý, nudný'),
(89572, 'entice', 'lákat, vábit'),
(89572, 'Floss', 'Nitě'),
(89572, 'Give up', 'Vzdát se'),
(89572, 'Gutter', 'Okap'),
(89572, 'kinky', 'ujetý,perverzní'),
(89572, 'Mole', 'Krtek'),
(89572, 'passer-by', 'Kolemjdoucí'),
(89572, 'Peel', 'Kůra'),
(89572, 'Realtor', 'Realitní agent'),
(89572, 'roller-coaster', 'Horská dráha'),
(89572, 'Shambles', 'Na cucky'),
(89572, 'Shoelace', 'Tkanička'),
(89572, 'Starch', 'Škrob'),
(89572, 'stick', 'hůl'),
(89573, 'Arose', 'vyvstat, objevit se'),
(89573, 'Distinction', 'Rozdíl'),
(89573, 'intact', 'Nedotknutelný'),
(89573, 'skating rink', 'kluziště'),
(89573, 'trunk', 'koupací oblek'),
(89573, 'umpire', 'rozhodčí v tenisu');

-- --------------------------------------------------------

--
-- Struktura tabulky `dictionary`
--

DROP TABLE IF EXISTS `dictionary`;
CREATE TABLE `dictionary` (
  `id_dictionary` int(255) NOT NULL,
  `id` int(255) NOT NULL,
  `dictionary_name` varchar(255) NOT NULL,
  `first_lang` varchar(255) NOT NULL,
  `second_lang` varchar(255) NOT NULL,
  `timestamp` timestamp NOT NULL DEFAULT CURRENT_TIMESTAMP ON UPDATE CURRENT_TIMESTAMP
) ENGINE=InnoDB DEFAULT CHARSET=utf8;

--
-- Vypisuji data pro tabulku `dictionary`
--

INSERT INTO `dictionary` (`id_dictionary`, `id`, `dictionary_name`, `first_lang`, `second_lang`, `timestamp`) VALUES
(89507, 222, 'Holidays', 'AMERICAN_ENGLISH', 'CZECH', '2018-05-22 07:48:23'),
(89508, 222, 'Likes and Dislikes', 'AMERICAN_ENGLISH', 'CZECH', '2018-05-22 07:48:23'),
(89509, 222, 'At a Hotel', 'AMERICAN_ENGLISH', 'CZECH', '2018-05-22 07:48:23'),
(89510, 222, 'Changes', 'AMERICAN_ENGLISH', 'CZECH', '2018-05-22 07:48:23'),
(89511, 222, 'Money', 'AMERICAN_ENGLISH', 'CZECH', '2018-05-22 07:48:23'),
(89512, 222, 'Stages of life', 'AMERICAN_ENGLISH', 'CZECH', '2018-05-22 07:48:23'),
(89513, 222, 'Weather', 'AMERICAN_ENGLISH', 'CZECH', '2018-05-22 07:48:23'),
(89514, 222, 'Media', 'AMERICAN_ENGLISH', 'CZECH', '2018-05-22 14:49:46'),
(89515, 222, 'Moods and feelings', 'AMERICAN_ENGLISH', 'CZECH', '2018-05-22 07:48:23'),
(89516, 222, 'Parts of things', 'AMERICAN_ENGLISH', 'CZECH', '2018-05-22 07:48:23'),
(89517, 222, 'Time', 'AMERICAN_ENGLISH', 'CZECH', '2018-05-22 07:48:23'),
(89518, 222, 'The Arts', 'AMERICAN_ENGLISH', 'CZECH', '2018-05-22 07:48:23'),
(89519, 222, 'Health and sickness', 'AMERICAN_ENGLISH', 'CZECH', '2018-05-22 07:48:23'),
(89520, 222, 'Personality', 'AMERICAN_ENGLISH', 'CZECH', '2018-05-22 07:48:23'),
(89521, 222, 'uc2 - U3 ', 'AMERICAN_ENGLISH', 'CZECH', '2018-05-22 07:48:23'),
(89522, 222, 'At the seaside', 'AMERICAN_ENGLISH', 'CZECH', '2018-05-22 07:48:23'),
(89523, 222, 'Human actions', 'AMERICAN_ENGLISH', 'CZECH', '2018-05-22 07:48:23'),
(89524, 222, 'Animals', 'AMERICAN_ENGLISH', 'CZECH', '2018-05-22 07:48:23'),
(89525, 222, 'Shape,size, pattern, material', 'AMERICAN_ENGLISH', 'CZECH', '2018-05-22 07:48:23'),
(89526, 222, 'In the Mountains', 'AMERICAN_ENGLISH', 'CZECH', '2018-05-22 07:48:23'),
(89527, 222, 'Jobs and professions', 'AMERICAN_ENGLISH', 'CZECH', '2018-05-22 07:48:23'),
(89528, 222, 'Education', 'AMERICAN_ENGLISH', 'CZECH', '2018-05-22 07:48:23'),
(89529, 222, 'Outside the house', 'AMERICAN_ENGLISH', 'CZECH', '2018-05-22 07:48:23'),
(89530, 222, 'In the Office', 'AMERICAN_ENGLISH', 'CZECH', '2018-05-22 07:48:23'),
(89531, 222, 'Entertaiment', 'AMERICAN_ENGLISH', 'CZECH', '2018-05-22 07:48:23'),
(89532, 222, 'Hobbies', 'AMERICAN_ENGLISH', 'CZECH', '2018-05-22 07:48:23'),
(89533, 222, 'Tools and DIY', 'AMERICAN_ENGLISH', 'CZECH', '2018-05-22 07:48:23'),
(89534, 222, 'Crime and punishment', 'AMERICAN_ENGLISH', 'CZECH', '2018-05-22 07:48:23'),
(89535, 222, 'Shopping', 'AMERICAN_ENGLISH', 'CZECH', '2018-05-22 07:48:23'),
(89536, 222, 'Inventions', 'AMERICAN_ENGLISH', 'CZECH', '2018-05-22 07:48:23'),
(89537, 222, 'Science and Technology', 'AMERICAN_ENGLISH', 'CZECH', '2018-05-22 07:48:23'),
(89538, 222, 'Computers and the Internet', 'AMERICAN_ENGLISH', 'CZECH', '2018-05-22 07:48:23'),
(89539, 222, 'Food and Cooking', 'AMERICAN_ENGLISH', 'CZECH', '2018-05-22 07:48:24'),
(89540, 222, 'Sounds', 'AMERICAN_ENGLISH', 'CZECH', '2018-05-22 07:48:24'),
(89541, 222, 'Vehicles and transport', 'AMERICAN_ENGLISH', 'CZECH', '2018-05-22 07:48:24'),
(89542, 222, 'Travelling', 'AMERICAN_ENGLISH', 'CZECH', '2018-05-22 07:48:24'),
(89543, 222, 'Sport', 'AMERICAN_ENGLISH', 'CZECH', '2018-05-22 07:48:24'),
(89544, 222, 'Opposites', 'AMERICAN_ENGLISH', 'CZECH', '2018-05-22 07:48:24'),
(89545, 222, 'Clothes', 'AMERICAN_ENGLISH', 'CZECH', '2018-05-22 07:48:24'),
(89546, 222, 'Countries, Languages, Nationalities', 'AMERICAN_ENGLISH', 'CZECH', '2018-05-22 07:48:24'),
(89547, 222, 'Family and Relationships', 'AMERICAN_ENGLISH', 'CZECH', '2018-05-22 07:48:24'),
(89548, 222, 'Appearance', 'AMERICAN_ENGLISH', 'CZECH', '2018-05-22 07:48:24'),
(89549, 222, 'The Environment', 'AMERICAN_ENGLISH', 'CZECH', '2018-05-22 07:48:24'),
(89550, 222, 'Renting a flat of a house', 'AMERICAN_ENGLISH', 'CZECH', '2018-05-22 07:48:24'),
(89551, 222, 'Types of Housing', 'AMERICAN_ENGLISH', 'CZECH', '2018-05-22 07:48:24'),
(89552, 222, 'Furniture and Fittings', 'AMERICAN_ENGLISH', 'CZECH', '2018-05-22 07:48:24'),
(89553, 222, 'Parts of the House', 'AMERICAN_ENGLISH', 'CZECH', '2018-05-22 07:48:24'),
(89554, 222, 'Places to live', 'AMERICAN_ENGLISH', 'CZECH', '2018-05-22 07:48:24'),
(89555, 222, 'Divinity slovicka ', 'AMERICAN_ENGLISH', 'CZECH', '2018-05-22 07:48:24'),
(89556, 222, 'Slovicka pro velmi pokrocile-1', 'AMERICAN_ENGLISH', 'CZECH', '2018-05-22 07:48:24'),
(89557, 222, 'Slovicka pro velmi pokrocile-2', 'AMERICAN_ENGLISH', 'CZECH', '2018-05-22 07:48:24'),
(89558, 222, 'Slovicka-serialy ', 'AMERICAN_ENGLISH', 'CZECH', '2018-05-22 07:48:24'),
(89559, 222, 'uc1 - U1 ', 'AMERICAN_ENGLISH', 'CZECH', '2018-05-22 07:48:24'),
(89560, 222, 'uc1 - U2 ', 'AMERICAN_ENGLISH', 'CZECH', '2018-05-22 07:48:24'),
(89561, 222, 'uc1 - U3 ', 'AMERICAN_ENGLISH', 'CZECH', '2018-05-22 07:48:24'),
(89562, 222, 'uc1 - U4 ', 'AMERICAN_ENGLISH', 'CZECH', '2018-05-22 07:48:24'),
(89563, 222, 'uc1 - U5  ', 'AMERICAN_ENGLISH', 'CZECH', '2018-05-22 07:48:24'),
(89564, 222, 'uc1 - U6 ', 'AMERICAN_ENGLISH', 'CZECH', '2018-05-22 07:48:24'),
(89565, 222, 'uc1 - U7 ', 'AMERICAN_ENGLISH', 'CZECH', '2018-05-22 07:48:24'),
(89566, 222, 'uc2 - U1  ', 'AMERICAN_ENGLISH', 'CZECH', '2018-05-22 07:48:25'),
(89567, 222, 'uc2 - U2 ', 'AMERICAN_ENGLISH', 'CZECH', '2018-05-22 07:48:25'),
(89568, 222, 'uc2 - U4 ', 'AMERICAN_ENGLISH', 'CZECH', '2018-05-22 07:48:25'),
(89569, 222, 'uc2 - U5 ', 'AMERICAN_ENGLISH', 'CZECH', '2018-05-22 07:48:25'),
(89570, 222, 'uc2 - U6 ', 'AMERICAN_ENGLISH', 'CZECH', '2018-05-22 07:48:25'),
(89571, 222, 'uc2 - U7 ', 'AMERICAN_ENGLISH', 'CZECH', '2018-05-22 07:48:25'),
(89572, 222, 'FCE_1', 'AMERICAN_ENGLISH', 'CZECH', '2018-05-22 07:48:25'),
(89573, 222, '2AJ304', 'AMERICAN_ENGLISH', 'CZECH', '2018-05-22 07:48:25');

-- --------------------------------------------------------

--
-- Struktura tabulky `practice`
--

DROP TABLE IF EXISTS `practice`;
CREATE TABLE `practice` (
  `practice_name` varchar(255) CHARACTER SET utf8 NOT NULL,
  `id_practice` int(11) NOT NULL,
  `id` int(11) NOT NULL,
  `accept_after` int(11) NOT NULL DEFAULT '2',
  `mode` enum('LR','RL') CHARACTER SET utf8 NOT NULL DEFAULT 'LR',
  `timestamp` timestamp NOT NULL DEFAULT CURRENT_TIMESTAMP
) ENGINE=InnoDB DEFAULT CHARSET=utf8mb4 COLLATE=utf8mb4_czech_ci;

-- --------------------------------------------------------

--
-- Struktura tabulky `practice_content`
--

DROP TABLE IF EXISTS `practice_content`;
CREATE TABLE `practice_content` (
  `id_practice` int(11) NOT NULL,
  `id_dictionary` int(11) NOT NULL,
  `first_value` varchar(255) CHARACTER SET utf8 NOT NULL,
  `second_value` varchar(255) CHARACTER SET utf8 NOT NULL,
  `right_answers` int(11) NOT NULL DEFAULT '0',
  `wrong_answers` int(11) NOT NULL DEFAULT '0'
) ENGINE=InnoDB DEFAULT CHARSET=utf8mb4;

-- --------------------------------------------------------

--
-- Struktura tabulky `remember_me`
--

DROP TABLE IF EXISTS `remember_me`;
CREATE TABLE `remember_me` (
  `seriesId` varchar(100) CHARACTER SET utf8 NOT NULL,
  `clientId` int(255) NOT NULL
) ENGINE=InnoDB DEFAULT CHARSET=utf8mb4 COLLATE=utf8mb4_czech_ci;

-- --------------------------------------------------------

--
-- Struktura tabulky `vocabulary`
--

DROP TABLE IF EXISTS `vocabulary`;
CREATE TABLE `vocabulary` (
  `first_value` varchar(255) NOT NULL,
  `second_value` varchar(255) NOT NULL,
  `f_val_source` varchar(255) NOT NULL,
  `s_val_source` varchar(255) NOT NULL
) ENGINE=InnoDB DEFAULT CHARSET=utf8;

--
-- Vypisuji data pro tabulku `vocabulary`
--

INSERT INTO `vocabulary` (`first_value`, `second_value`, `f_val_source`, `s_val_source`) VALUES
('<p>ddd</p>', '<p>ddd</p>', 'AMERICAN_ENGLISH', 'CZECH'),
('<p>ddd<\\p>', '<p>ddd<\\p>', 'AMERICAN_ENGLISH', 'CZECH'),
('a', 'a', 'AMERICAN_ENGLISH', 'CZECH'),
('a', 'b', 'AMERICAN_ENGLISH', 'CZECH'),
('a great deal of ', 'velké množství ', 'AMERICAN_ENGLISH', 'CZECH'),
('aa', 'ba', 'AMERICAN_ENGLISH', 'CZECH'),
('abdictate', 'odstoupit', 'AMERICAN_ENGLISH', 'CZECH'),
('abolish ', 'zrušit ', 'AMERICAN_ENGLISH', 'CZECH'),
('Absent-minded', 'Roztržitý', 'AMERICAN_ENGLISH', 'CZECH'),
('abundant (hojný)', 'scarce (vzácný)', 'AMERICAN_ENGLISH', 'CZECH'),
('Abysmal', 'Hrozný', 'AMERICAN_ENGLISH', 'CZECH'),
('acceptance letters ', 'příjmací dopisy ', 'AMERICAN_ENGLISH', 'CZECH'),
('accountancy ', 'účetnictví ', 'AMERICAN_ENGLISH', 'CZECH'),
('accountant ', 'účetní ', 'AMERICAN_ENGLISH', 'CZECH'),
('acolyte', 'ministrandt', 'AMERICAN_ENGLISH', 'CZECH'),
('acolyte', 'ministrant', 'AMERICAN_ENGLISH', 'CZECH'),
('acolyted', 'ministrant', 'AMERICAN_ENGLISH', 'CZECH'),
('acquaindt', 'seznámit se', 'AMERICAN_ENGLISH', 'CZECH'),
('acquaint', 'seznámit se', 'AMERICAN_ENGLISH', 'CZECH'),
('acquaintance', 'známý', 'AMERICAN_ENGLISH', 'CZECH'),
('acquaintd', 'seznámit se', 'AMERICAN_ENGLISH', 'CZECH'),
('acquaintdd', 'seznámit se', 'AMERICAN_ENGLISH', 'CZECH'),
('acquaintt', 'seznámit se', 'AMERICAN_ENGLISH', 'CZECH'),
('acquisition ', 'získávání ', 'AMERICAN_ENGLISH', 'CZECH'),
('ad', 'd', 'AMERICAN_ENGLISH', 'CZECH'),
('adage', 'pořekadlo', 'AMERICAN_ENGLISH', 'CZECH'),
('adherent', 'přichycený', 'AMERICAN_ENGLISH', 'CZECH'),
('adherents', 'přichycený', 'AMERICAN_ENGLISH', 'CZECH'),
('admission', 'vstuné', 'AMERICAN_ENGLISH', 'CZECH'),
('admission', 'vstupné', 'AMERICAN_ENGLISH', 'CZECH'),
('adore ', 'obdivovat ', 'AMERICAN_ENGLISH', 'CZECH'),
('adore d', 'obdivovat ', 'AMERICAN_ENGLISH', 'CZECH'),
('advanced countries ', 'Vyspělé země ', 'AMERICAN_ENGLISH', 'CZECH'),
('adverse', 'nepříznivý', 'AMERICAN_ENGLISH', 'CZECH'),
('affect', 'ovlivňovat', 'AMERICAN_ENGLISH', 'CZECH'),
('affluent', 'blahobytný', 'AMERICAN_ENGLISH', 'CZECH'),
('after some consideration ', 'po váhání ', 'AMERICAN_ENGLISH', 'CZECH'),
('agenda', 'denní program', 'AMERICAN_ENGLISH', 'CZECH'),
('ahoj', 'hello', 'AMERICAN_ENGLISH', 'CZECH'),
('aisle', 'ulička', 'AMERICAN_ENGLISH', 'CZECH'),
('allegation', 'tvrzení', 'AMERICAN_ENGLISH', 'CZECH'),
('allegedly ', 'domněle ', 'AMERICAN_ENGLISH', 'CZECH'),
('allocate ', 'přidělit ', 'AMERICAN_ENGLISH', 'CZECH'),
('alongside', 'vedle', 'AMERICAN_ENGLISH', 'CZECH'),
('alter', 'změnit', 'AMERICAN_ENGLISH', 'CZECH'),
('altitude', 'nadmořská výška', 'AMERICAN_ENGLISH', 'CZECH'),
('ambiguous ', 'dvojznačný ', 'AMERICAN_ENGLISH', 'CZECH'),
('ample ', 'hojný, dostatečný ', 'AMERICAN_ENGLISH', 'CZECH'),
('amplifier', 'zesilovač', 'AMERICAN_ENGLISH', 'CZECH'),
('amusement park', 'zábavní park', 'AMERICAN_ENGLISH', 'CZECH'),
('anorak', 'bunda', 'AMERICAN_ENGLISH', 'CZECH'),
('anticipate ', 'očekávat', 'AMERICAN_ENGLISH', 'CZECH'),
('anticipate ', 'předvídat,očekávat ', 'AMERICAN_ENGLISH', 'CZECH'),
('application form ', 'přihlašovací formulář ', 'AMERICAN_ENGLISH', 'CZECH'),
('apprehensive', 'obávájící se', 'AMERICAN_ENGLISH', 'CZECH'),
('approach ', 'přístup ', 'AMERICAN_ENGLISH', 'CZECH'),
('approval ', 'schválení ', 'AMERICAN_ENGLISH', 'CZECH'),
('apricot', 'meruňka', 'AMERICAN_ENGLISH', 'CZECH'),
('apron', 'zástěra', 'AMERICAN_ENGLISH', 'CZECH'),
('arcane', 'mysteriózní,tajemný', 'AMERICAN_ENGLISH', 'CZECH'),
('arise ', 'vzniknout ', 'AMERICAN_ENGLISH', 'CZECH'),
('armadillo', 'pásovec', 'AMERICAN_ENGLISH', 'CZECH'),
('Arose', 'vyvstat, objevit se', 'AMERICAN_ENGLISH', 'CZECH'),
('arrange ', 'uspořádat ', 'AMERICAN_ENGLISH', 'CZECH'),
('arranged on the page ', 'uspořádány na stránce ', 'AMERICAN_ENGLISH', 'CZECH'),
('as a matter of fact ', 've skutečnosti ', 'AMERICAN_ENGLISH', 'CZECH'),
('as long as', 'pokud, dokud', 'AMERICAN_ENGLISH', 'CZECH'),
('asparagus', 'chřest', 'AMERICAN_ENGLISH', 'CZECH'),
('assertion', 'tvrzení', 'AMERICAN_ENGLISH', 'CZECH'),
('assess', 'hodnotit', 'AMERICAN_ENGLISH', 'CZECH'),
('asset', 'aktivum', 'AMERICAN_ENGLISH', 'CZECH'),
('associated with ', 'spojováno s ', 'AMERICAN_ENGLISH', 'CZECH'),
('at the expense of ', 'na úkor ', 'AMERICAN_ENGLISH', 'CZECH'),
('attributable ', 'přičíst,připsatelný ', 'AMERICAN_ENGLISH', 'CZECH'),
('attribute ', 'přisuzovat ', 'AMERICAN_ENGLISH', 'CZECH'),
('auto', 'car', 'AMERICAN_ENGLISH', 'CZECH'),
('automotive sector ', 'automobilový průmysl ', 'AMERICAN_ENGLISH', 'CZECH'),
('auxiliary', 'pomocný ', 'AMERICAN_ENGLISH', 'CZECH'),
('avail', 'využít', 'AMERICAN_ENGLISH', 'CZECH'),
('avail', 'využítd', 'AMERICAN_ENGLISH', 'CZECH'),
('avalanche', 'lavina', 'AMERICAN_ENGLISH', 'CZECH'),
('awesd', 'as', 'AMERICAN_ENGLISH', 'CZECH'),
('axes', 'osy', 'AMERICAN_ENGLISH', 'CZECH'),
('b', 'b', 'AMERICAN_ENGLISH', 'CZECH'),
('back up', 'zálohovat', 'AMERICAN_ENGLISH', 'CZECH'),
('backlash', 'odveta, vůle ', 'AMERICAN_ENGLISH', 'CZECH'),
('backlashd', 'odveta, vůle ', 'AMERICAN_ENGLISH', 'CZECH'),
('backlashesdr', 'odveta, vůle ', 'AMERICAN_ENGLISH', 'CZECH'),
('bad-tempered', 'mrzutý', 'AMERICAN_ENGLISH', 'CZECH'),
('baggy', 'vytahané', 'AMERICAN_ENGLISH', 'CZECH'),
('balance inflation', 'vyrovnat inflaci', 'AMERICAN_ENGLISH', 'CZECH'),
('balance of payments deficit', 'schodek platební bilance', 'AMERICAN_ENGLISH', 'CZECH'),
('balance of payments statement ', 'prohlášení o platební bilanci', 'AMERICAN_ENGLISH', 'CZECH'),
('balance of payments surplus ', 'přebytek platební bilance ', 'AMERICAN_ENGLISH', 'CZECH'),
('ballot', 'hlasování', 'AMERICAN_ENGLISH', 'CZECH'),
('banausic', 'světský', 'AMERICAN_ENGLISH', 'CZECH'),
('bandage', 'obvaz', 'AMERICAN_ENGLISH', 'CZECH'),
('banknote', 'bankovka', 'AMERICAN_ENGLISH', 'CZECH'),
('banknote counter', 'počítadlo bankovek', 'AMERICAN_ENGLISH', 'CZECH'),
('banknote counter', 'počítadlo bankoven', 'AMERICAN_ENGLISH', 'CZECH'),
('bar chart ', 'sloupcový diagram', 'AMERICAN_ENGLISH', 'CZECH'),
('barn', 'stodola', 'AMERICAN_ENGLISH', 'CZECH'),
('barometer', 'tlakoměr', 'AMERICAN_ENGLISH', 'CZECH'),
('bartering', 'vyměňování', 'AMERICAN_ENGLISH', 'CZECH'),
('bathrobe', 'župan', 'AMERICAN_ENGLISH', 'CZECH'),
('baton', 'obušek', 'AMERICAN_ENGLISH', 'CZECH'),
('be captivated by', 'zaujmout', 'AMERICAN_ENGLISH', 'CZECH'),
('be fond of', 'mít někoho nebo něco rád', 'AMERICAN_ENGLISH', 'CZECH'),
('be keen on', 'dychtit po', 'AMERICAN_ENGLISH', 'CZECH'),
('beak', 'zobák', 'AMERICAN_ENGLISH', 'CZECH'),
('bearing full responsibility ', 'nést plnou odpovědnost ', 'AMERICAN_ENGLISH', 'CZECH'),
('bedspread', 'přehoz přes postel', 'AMERICAN_ENGLISH', 'CZECH'),
('beech', 'buk', 'AMERICAN_ENGLISH', 'CZECH'),
('beetroot', 'červená řepa', 'AMERICAN_ENGLISH', 'CZECH'),
('before long', 'zanedlouho', 'AMERICAN_ENGLISH', 'CZECH'),
('bemoan', 'oplakávat', 'AMERICAN_ENGLISH', 'CZECH'),
('bent', 'ohnutý', 'AMERICAN_ENGLISH', 'CZECH'),
('berate', 'nadávat', 'AMERICAN_ENGLISH', 'CZECH'),
('bias', 'předsudek ', 'AMERICAN_ENGLISH', 'CZECH'),
('big deal', 'velká věc', 'AMERICAN_ENGLISH', 'CZECH'),
('bland', 'jemný', 'AMERICAN_ENGLISH', 'CZECH'),
('bleat', 'mečet', 'AMERICAN_ENGLISH', 'CZECH'),
('blender', 'mixér', 'AMERICAN_ENGLISH', 'CZECH'),
('Blimp', 'Balón', 'AMERICAN_ENGLISH', 'CZECH'),
('blinds', 'žaluzie', 'AMERICAN_ENGLISH', 'CZECH'),
('blissful', 'blažený', 'AMERICAN_ENGLISH', 'CZECH'),
('blocks of flats', 'panelák', 'AMERICAN_ENGLISH', 'CZECH'),
('bludgeon', 'klacek', 'AMERICAN_ENGLISH', 'CZECH'),
('blush', 'ruměnec', 'AMERICAN_ENGLISH', 'CZECH'),
('blustery', 'větrný', 'AMERICAN_ENGLISH', 'CZECH'),
('blustery wind', 'prudký vítr', 'AMERICAN_ENGLISH', 'CZECH'),
('board games', 'stolní hra', 'AMERICAN_ENGLISH', 'CZECH'),
('bond', 'dluhopis', 'AMERICAN_ENGLISH', 'CZECH'),
('bonds, debentures', 'obligace, dluhopisy', 'AMERICAN_ENGLISH', 'CZECH'),
('bonnet', 'kapota', 'AMERICAN_ENGLISH', 'CZECH'),
('bonus', 'prémie', 'AMERICAN_ENGLISH', 'CZECH'),
('boo', 'vypískat', 'AMERICAN_ENGLISH', 'CZECH'),
('boot', 'zavazadlový prostor', 'AMERICAN_ENGLISH', 'CZECH'),
('borrowing ', 'výpůjčka', 'AMERICAN_ENGLISH', 'CZECH'),
('bottom line ', 'Sečteno a podtrženo ', 'AMERICAN_ENGLISH', 'CZECH'),
('bottom out ', 'dosáhnout nejnižšího bodu', 'AMERICAN_ENGLISH', 'CZECH'),
('bouncer', 'vyhazovač', 'AMERICAN_ENGLISH', 'CZECH'),
('Brag', 'Vychloubat se', 'AMERICAN_ENGLISH', 'CZECH'),
('braise', 'dusit', 'AMERICAN_ENGLISH', 'CZECH'),
('brass', 'mosaz', 'AMERICAN_ENGLISH', 'CZECH'),
('braver', 'cowardice', 'AMERICAN_ENGLISH', 'CZECH'),
('bravery', 'cowardice', 'AMERICAN_ENGLISH', 'CZECH'),
('brazen', 'drzý,nestydatý', 'AMERICAN_ENGLISH', 'CZECH'),
('bribe', 'úplatek', 'AMERICAN_ENGLISH', 'CZECH'),
('brick-and-mortar', 'kamenný obchod', 'AMERICAN_ENGLISH', 'CZECH'),
('bride', 'nevěsta', 'AMERICAN_ENGLISH', 'CZECH'),
('broader scope ', 'širší rozsah ', 'AMERICAN_ENGLISH', 'CZECH'),
('brooch', 'brož', 'AMERICAN_ENGLISH', 'CZECH'),
('brood', 'dumat', 'AMERICAN_ENGLISH', 'CZECH'),
('brush up', 'zopakovat si, vyšperkovat', 'AMERICAN_ENGLISH', 'CZECH'),
('buckle', 'přezka', 'AMERICAN_ENGLISH', 'CZECH'),
('building society', 'stavební spořitelna', 'AMERICAN_ENGLISH', 'CZECH'),
('bulletin board', 'nástěnka', 'AMERICAN_ENGLISH', 'CZECH'),
('bumbler', 'bumbler', 'AMERICAN_ENGLISH', 'CZECH'),
('bungalow', 'přízemní dům', 'AMERICAN_ENGLISH', 'CZECH'),
('business entities', 'podnikatelské subjekty ', 'AMERICAN_ENGLISH', 'CZECH'),
('bustling', 'rušný', 'AMERICAN_ENGLISH', 'CZECH'),
('buzz', 'bzučet', 'AMERICAN_ENGLISH', 'CZECH'),
('buzzword', 'módní slovo', 'AMERICAN_ENGLISH', 'CZECH'),
('c', 'c', 'AMERICAN_ENGLISH', 'CZECH'),
('ča', 'd', 'AMERICAN_ENGLISH', 'CZECH'),
('cable car', 'lanovka', 'AMERICAN_ENGLISH', 'CZECH'),
('calf', 'tele', 'AMERICAN_ENGLISH', 'CZECH'),
('callous', 'otrlý', 'AMERICAN_ENGLISH', 'CZECH'),
('camcorder', 'videokamera', 'AMERICAN_ENGLISH', 'CZECH'),
('campfire', 'táborák', 'AMERICAN_ENGLISH', 'CZECH'),
('campsite', 'tábořiště', 'AMERICAN_ENGLISH', 'CZECH'),
('candid', 'upřímný', 'AMERICAN_ENGLISH', 'CZECH'),
('canteen', 'jídelna', 'AMERICAN_ENGLISH', 'CZECH'),
('capital gains tax ', 'daň z kapitálových výnosů ', 'AMERICAN_ENGLISH', 'CZECH'),
('capitalize on ', 'vydělávat na ', 'AMERICAN_ENGLISH', 'CZECH'),
('car', 'auto', 'AMERICAN_ENGLISH', 'CZECH'),
('card', 'auto', 'AMERICAN_ENGLISH', 'CZECH'),
('carefree ', 'bezstarostný', 'AMERICAN_ENGLISH', 'CZECH'),
('caretaker', 'domovník', 'AMERICAN_ENGLISH', 'CZECH'),
('carpenter', 'tesař', 'AMERICAN_ENGLISH', 'CZECH'),
('cashier', 'pokladní', 'AMERICAN_ENGLISH', 'CZECH'),
('cashpoints,ATMs', 'bankomaty', 'AMERICAN_ENGLISH', 'CZECH'),
('cat', 'kočka', 'AMERICAN_ENGLISH', 'CZECH'),
('catch sb red-handed', 'chytit někoho při činu', 'AMERICAN_ENGLISH', 'CZECH'),
('cauliflower', 'květák', 'AMERICAN_ENGLISH', 'CZECH'),
('cc', 'c', 'AMERICAN_ENGLISH', 'CZECH'),
('ceasefire', 'příměří(dočasné ukončení boje mezi stranami, zejména v období kdy se vedou mírová jednání)', 'AMERICAN_ENGLISH', 'CZECH'),
('cellar', 'sklep', 'AMERICAN_ENGLISH', 'CZECH'),
('cerebral', 'intelektuální', 'AMERICAN_ENGLISH', 'CZECH'),
('cessation', 'zastavení', 'AMERICAN_ENGLISH', 'CZECH'),
('chambermaid', 'pokojská', 'AMERICAN_ENGLISH', 'CZECH'),
('charitable causes ', 'charitativní účely', 'AMERICAN_ENGLISH', 'CZECH'),
('chart ', 'graf ', 'AMERICAN_ENGLISH', 'CZECH'),
('chatterbox ', 'povídálek, mluvka ', 'AMERICAN_ENGLISH', 'CZECH'),
('cheet', 'jásat', 'AMERICAN_ENGLISH', 'CZECH'),
('chemist´s', 'lékárna', 'AMERICAN_ENGLISH', 'CZECH'),
('china', 'porcelán', 'AMERICAN_ENGLISH', 'CZECH'),
('chisel', 'dláto', 'AMERICAN_ENGLISH', 'CZECH'),
('chore ', 'fuška ', 'AMERICAN_ENGLISH', 'CZECH'),
('cite ', 'citovat, odvolávat se na ', 'AMERICAN_ENGLISH', 'CZECH'),
('clarify ', 'objasnit ', 'AMERICAN_ENGLISH', 'CZECH'),
('clash', 'nehodicící se barvy', 'AMERICAN_ENGLISH', 'CZECH'),
('classified ads', 'inzeráty', 'AMERICAN_ENGLISH', 'CZECH'),
('classified into', 'rozřazeny do ', 'AMERICAN_ENGLISH', 'CZECH'),
('clay', 'jíl', 'AMERICAN_ENGLISH', 'CZECH'),
('clench your fists', 'sevřit pěsti', 'AMERICAN_ENGLISH', 'CZECH'),
('clerk', 'úředník', 'AMERICAN_ENGLISH', 'CZECH'),
('clerk', 'úřeník', 'AMERICAN_ENGLISH', 'CZECH'),
('clippers', 'zahradnické nůžky', 'AMERICAN_ENGLISH', 'CZECH'),
('close,clinch a deal', 'sjednat dohodu', 'AMERICAN_ENGLISH', 'CZECH'),
('clumsy', 'graceful', 'AMERICAN_ENGLISH', 'CZECH'),
('coax', 'přemluvit', 'AMERICAN_ENGLISH', 'CZECH'),
('cohort', 'kohorta', 'AMERICAN_ENGLISH', 'CZECH'),
('coin ', 'vymyslet', 'AMERICAN_ENGLISH', 'CZECH'),
('collect', 'scatter', 'AMERICAN_ENGLISH', 'CZECH'),
('collect tax ', 'vybírat daň', 'AMERICAN_ENGLISH', 'CZECH'),
('come down with sth', 'chytit něco', 'AMERICAN_ENGLISH', 'CZECH'),
('comfort', 'distress', 'AMERICAN_ENGLISH', 'CZECH'),
('commision,brokerage', 'provize', 'AMERICAN_ENGLISH', 'CZECH'),
('commitment', 'závazek', 'AMERICAN_ENGLISH', 'CZECH'),
('complement ', 'doplněk ', 'AMERICAN_ENGLISH', 'CZECH'),
('compliance with the law', 'v souladu s právními předpisy ', 'AMERICAN_ENGLISH', 'CZECH'),
('complimentary', 'bezplatně', 'AMERICAN_ENGLISH', 'CZECH'),
('comply', 'splnit,splňovat', 'AMERICAN_ENGLISH', 'CZECH'),
('comprehensive', 'obsáhlý', 'AMERICAN_ENGLISH', 'CZECH'),
('comromise on ', 'domluvit se na, kompromis v ', 'AMERICAN_ENGLISH', 'CZECH'),
('concede', 'připustit', 'AMERICAN_ENGLISH', 'CZECH'),
('concerning ', 'pokud jde o ', 'AMERICAN_ENGLISH', 'CZECH'),
('concise', 'stručný, výstižný', 'AMERICAN_ENGLISH', 'CZECH'),
('conclude ', 'uzavřít ', 'AMERICAN_ENGLISH', 'CZECH'),
('conclude d', 'uzavřít ', 'AMERICAN_ENGLISH', 'CZECH'),
('conclude, finish ', 'uzavřít ', 'AMERICAN_ENGLISH', 'CZECH'),
('condemn', 'odsoudit', 'AMERICAN_ENGLISH', 'CZECH'),
('condescending', 'blahosklonný', 'AMERICAN_ENGLISH', 'CZECH'),
('conduct, carry out ', 'vykonat, provést ', 'AMERICAN_ENGLISH', 'CZECH'),
('conducted by ', 'prováděny', 'AMERICAN_ENGLISH', 'CZECH'),
('conductor', 'dirigent', 'AMERICAN_ENGLISH', 'CZECH'),
('cone', 'kůžel', 'AMERICAN_ENGLISH', 'CZECH'),
('confide ', 'svěřit se ', 'AMERICAN_ENGLISH', 'CZECH'),
('confidential', 'důvěrný', 'AMERICAN_ENGLISH', 'CZECH'),
('conflate', 'zamíchat', 'AMERICAN_ENGLISH', 'CZECH'),
('confluent', 'splynutí', 'AMERICAN_ENGLISH', 'CZECH'),
('conform to ', 'odpovídat ', 'AMERICAN_ENGLISH', 'CZECH'),
('conjecture', 'dohad', 'AMERICAN_ENGLISH', 'CZECH'),
('consequently ', 'tudíž', 'AMERICAN_ENGLISH', 'CZECH'),
('consonant ', 'souhláska ', 'AMERICAN_ENGLISH', 'CZECH'),
('constitutes', 'představuje', 'AMERICAN_ENGLISH', 'CZECH'),
('consultancy ', 'poradenství ', 'AMERICAN_ENGLISH', 'CZECH'),
('consumption', 'spotřeba', 'AMERICAN_ENGLISH', 'CZECH'),
('contemplating ', 'uvažovat ', 'AMERICAN_ENGLISH', 'CZECH'),
('contempt', 'opovržení', 'AMERICAN_ENGLISH', 'CZECH'),
('contract a disease', 'chytit nemoc', 'AMERICAN_ENGLISH', 'CZECH'),
('contradict ', 'odporovat, popírat ', 'AMERICAN_ENGLISH', 'CZECH'),
('contrair', 'opak', 'AMERICAN_ENGLISH', 'CZECH'),
('contribute', 'přispět', 'AMERICAN_ENGLISH', 'CZECH'),
('contribution ', 'příspěvek', 'AMERICAN_ENGLISH', 'CZECH'),
('contrite', 'zkratka', 'AMERICAN_ENGLISH', 'CZECH'),
('conveniently, advantegously ', 'výhodně ', 'AMERICAN_ENGLISH', 'CZECH'),
('converging', 'sbíhavý', 'AMERICAN_ENGLISH', 'CZECH'),
('convert to organic production ', 'přejít na ekologickou produkci ', 'AMERICAN_ENGLISH', 'CZECH'),
('convey ', 'sdělit ', 'AMERICAN_ENGLISH', 'CZECH'),
('convoluted', 'spletitý', 'AMERICAN_ENGLISH', 'CZECH'),
('cookery', 'vaření', 'AMERICAN_ENGLISH', 'CZECH'),
('cookery book', 'kniha o vaření', 'AMERICAN_ENGLISH', 'CZECH'),
('cope with ', 'poradit si, vyrovnat se s ', 'AMERICAN_ENGLISH', 'CZECH'),
('cope with stress ', 'zvládnout stres', 'AMERICAN_ENGLISH', 'CZECH'),
('coral reef', 'korálový útes', 'AMERICAN_ENGLISH', 'CZECH'),
('corkscrew', 'vývrtka', 'AMERICAN_ENGLISH', 'CZECH'),
('cornise', 'římsa', 'AMERICAN_ENGLISH', 'CZECH'),
('corporate bonds ', 'firemní dluhopisy ', 'AMERICAN_ENGLISH', 'CZECH'),
('corporate social responsibility (CSR)', 'sociální odpovědnost podniků', 'AMERICAN_ENGLISH', 'CZECH'),
('corporate tax ', 'daně z příjmu právnických osob ', 'AMERICAN_ENGLISH', 'CZECH'),
('cost,expenditure ', 'náklady ', 'AMERICAN_ENGLISH', 'CZECH'),
('cot', 'dětská postýlka', 'AMERICAN_ENGLISH', 'CZECH'),
('counterfeit brands ', 'padělané značky ', 'AMERICAN_ENGLISH', 'CZECH'),
('coupon', 'kupón, výnos z úroku', 'AMERICAN_ENGLISH', 'CZECH'),
('courtesy ', 'zdvořilost ', 'AMERICAN_ENGLISH', 'CZECH'),
('covering letters ', 'průvodní dopisy ', 'AMERICAN_ENGLISH', 'CZECH'),
('cracks', 'praskliny', 'AMERICAN_ENGLISH', 'CZECH'),
('crashing thunder', 'hlasitý hrom', 'AMERICAN_ENGLISH', 'CZECH'),
('crawl', 'plazit se', 'AMERICAN_ENGLISH', 'CZECH'),
('creak', 'vrzání', 'AMERICAN_ENGLISH', 'CZECH'),
('create a buzz ', 'způsobit rozruch ', 'AMERICAN_ENGLISH', 'CZECH'),
('credit ', 'úvěr , půjčka', 'AMERICAN_ENGLISH', 'CZECH'),
('creep', 'plíži se', 'AMERICAN_ENGLISH', 'CZECH'),
('crescent', 'půlměsíc', 'AMERICAN_ENGLISH', 'CZECH'),
('cross out ', 'vyškrtnout ', 'AMERICAN_ENGLISH', 'CZECH'),
('crumble ', 'rozpadnout se (o bance)', 'AMERICAN_ENGLISH', 'CZECH'),
('crutches', 'berle', 'AMERICAN_ENGLISH', 'CZECH'),
('cufflinks', 'manžetové knoflíčky', 'AMERICAN_ENGLISH', 'CZECH'),
('cur', 'voříšek', 'AMERICAN_ENGLISH', 'CZECH'),
('currency', 'Měna, oběživo', 'AMERICAN_ENGLISH', 'CZECH'),
('current account,checking account', 'běžný účet,', 'AMERICAN_ENGLISH', 'CZECH'),
('curve ', 'křivka ', 'AMERICAN_ENGLISH', 'CZECH'),
('cushions', 'polštáře', 'AMERICAN_ENGLISH', 'CZECH'),
('cushions', 'zmírnit', 'AMERICAN_ENGLISH', 'CZECH'),
('cushionsss', 'zmirrrt', 'AMERICAN_ENGLISH', 'CZECH'),
('customs duty ', 'clo', 'AMERICAN_ENGLISH', 'CZECH'),
('cutting board', 'prkýnko', 'AMERICAN_ENGLISH', 'CZECH'),
('CV,resume ', 'životopis ', 'AMERICAN_ENGLISH', 'CZECH'),
('cylinder', 'válec', 'AMERICAN_ENGLISH', 'CZECH'),
('d', 'ča', 'AMERICAN_ENGLISH', 'CZECH'),
('d', 'd', 'AMERICAN_ENGLISH', 'CZECH'),
('d', 'dd', 'AMERICAN_ENGLISH', 'CZECH'),
('da', 'ca', 'AMERICAN_ENGLISH', 'CZECH'),
('da', 'de', 'AMERICAN_ENGLISH', 'CZECH'),
('dalliance', 'flirtování', 'AMERICAN_ENGLISH', 'CZECH'),
('damp', 'vlhko', 'AMERICAN_ENGLISH', 'CZECH'),
('dart', 'šipka', 'AMERICAN_ENGLISH', 'CZECH'),
('dash', 'pospíchat', 'AMERICAN_ENGLISH', 'CZECH'),
('dawdle', 'loudatse', 'AMERICAN_ENGLISH', 'CZECH'),
('dd', 'd', 'AMERICAN_ENGLISH', 'CZECH'),
('dd', 'dd', 'AMERICAN_ENGLISH', 'CZECH'),
('dd', 'ddddd', 'AMERICAN_ENGLISH', 'CZECH'),
('ddd', 'dd', 'AMERICAN_ENGLISH', 'CZECH'),
('deal in ', 'obchodovat s ', 'AMERICAN_ENGLISH', 'CZECH'),
('deal something out ', 'rozdat (např. karty)', 'AMERICAN_ENGLISH', 'CZECH'),
('deal with', 'vypořádat se s ', 'AMERICAN_ENGLISH', 'CZECH'),
('debt financing', 'financování dluhů', 'AMERICAN_ENGLISH', 'CZECH'),
('deckchair', 'lehátko', 'AMERICAN_ENGLISH', 'CZECH'),
('deduct something of ', 'odečíst si něco(např. z daně)', 'AMERICAN_ENGLISH', 'CZECH'),
('deductible item', 'Odečitatelná položka', 'AMERICAN_ENGLISH', 'CZECH'),
('deep', 'shallow', 'AMERICAN_ENGLISH', 'CZECH'),
('default on ', 'promeškat, nedodržet (závazek)', 'AMERICAN_ENGLISH', 'CZECH'),
('default on a loan', 'prodlení z úvěru', 'AMERICAN_ENGLISH', 'CZECH'),
('defiant', 'vzdorný', 'AMERICAN_ENGLISH', 'CZECH'),
('deficiency', 'Nedostatek', 'AMERICAN_ENGLISH', 'CZECH'),
('deft', 'obratný', 'AMERICAN_ENGLISH', 'CZECH'),
('deliberately ', 'záměrně ', 'AMERICAN_ENGLISH', 'CZECH'),
('demand', 'poptávka', 'AMERICAN_ENGLISH', 'CZECH'),
('demand for ', 'poptávka po ', 'AMERICAN_ENGLISH', 'CZECH'),
('demote', 'degradovat', 'AMERICAN_ENGLISH', 'CZECH'),
('demure', 'upejpavý', 'AMERICAN_ENGLISH', 'CZECH'),
('depend solely on ', 'závisí výhradně na ', 'AMERICAN_ENGLISH', 'CZECH'),
('depletion ', 'vyprázdnění, vyplýtvání ', 'AMERICAN_ENGLISH', 'CZECH'),
('deplore', 'litovat', 'AMERICAN_ENGLISH', 'CZECH'),
('deposit ', 'vklad ', 'AMERICAN_ENGLISH', 'CZECH'),
('deposit in ', 'uložit (peníze)', 'AMERICAN_ENGLISH', 'CZECH'),
('derailment', 'vykolejení', 'AMERICAN_ENGLISH', 'CZECH'),
('detached house', 'samostatný dům', 'AMERICAN_ENGLISH', 'CZECH'),
('deter', 'odradit', 'AMERICAN_ENGLISH', 'CZECH'),
('deteriorate', 'zhoršit', 'AMERICAN_ENGLISH', 'CZECH'),
('deteriorate ', 'zhoršovat ', 'AMERICAN_ENGLISH', 'CZECH'),
('deterrent', 'odstrašující prostředek', 'AMERICAN_ENGLISH', 'CZECH'),
('develop', 'rozvíjet', 'AMERICAN_ENGLISH', 'CZECH'),
('devote ', 'věnovat ', 'AMERICAN_ENGLISH', 'CZECH'),
('diameter', 'průměr', 'AMERICAN_ENGLISH', 'CZECH'),
('diffuse ', 'rozšířit se', 'AMERICAN_ENGLISH', 'CZECH'),
('Dim', 'Ztlumit(světlo)', 'AMERICAN_ENGLISH', 'CZECH'),
('díra', 'dům', 'AMERICAN_ENGLISH', 'CZECH'),
('direct debit', 'inkaso', 'AMERICAN_ENGLISH', 'CZECH'),
('disability pensions', 'invalidní důchody', 'AMERICAN_ENGLISH', 'CZECH'),
('disclose ', 'oznámit, prozradit ', 'AMERICAN_ENGLISH', 'CZECH'),
('discourteous', 'nezdvořilý', 'AMERICAN_ENGLISH', 'CZECH'),
('disingenous', 'znepokojující', 'AMERICAN_ENGLISH', 'CZECH'),
('disparage', 'znevažovat', 'AMERICAN_ENGLISH', 'CZECH'),
('display', 'Zobrazit', 'AMERICAN_ENGLISH', 'CZECH'),
('disputes', 'spor', 'AMERICAN_ENGLISH', 'CZECH'),
('disregard ', 'pohrdání ', 'AMERICAN_ENGLISH', 'CZECH'),
('disruption ', 'narušení ', 'AMERICAN_ENGLISH', 'CZECH'),
('Distinction', 'Rozdíl', 'AMERICAN_ENGLISH', 'CZECH'),
('distinctive ', 'výrazný ', 'AMERICAN_ENGLISH', 'CZECH'),
('distinguishing ', 'rozlišovací ', 'AMERICAN_ENGLISH', 'CZECH'),
('distort ', 'deformovat, zkreslit ', 'AMERICAN_ENGLISH', 'CZECH'),
('diverse ', 'rozmanitý', 'AMERICAN_ENGLISH', 'CZECH'),
('doll', 'panenka', 'AMERICAN_ENGLISH', 'CZECH'),
('door handle', 'klika', 'AMERICAN_ENGLISH', 'CZECH'),
('dork, dull', 'tupý, nudný', 'AMERICAN_ENGLISH', 'CZECH'),
('downturn ', 'pokles ', 'AMERICAN_ENGLISH', 'CZECH'),
('draft ', 'koncept ,návrh', 'AMERICAN_ENGLISH', 'CZECH'),
('draft a contract', 'vypracovat smlouvu', 'AMERICAN_ENGLISH', 'CZECH'),
('drain pipe', 'odtokové potrubí', 'AMERICAN_ENGLISH', 'CZECH'),
('drake', 'kačer', 'AMERICAN_ENGLISH', 'CZECH'),
('draw', 'nerozhodný výsledek', 'AMERICAN_ENGLISH', 'CZECH'),
('dreadful', 'strašlivý ', 'AMERICAN_ENGLISH', 'CZECH'),
('dressing gown', 'župan', 'AMERICAN_ENGLISH', 'CZECH'),
('dressing table', 'toaletní stolek', 'AMERICAN_ENGLISH', 'CZECH'),
('dressmaker', 'švadlena', 'AMERICAN_ENGLISH', 'CZECH'),
('drip', 'kapání', 'AMERICAN_ENGLISH', 'CZECH'),
('driveway', 'příjezdová cesta', 'AMERICAN_ENGLISH', 'CZECH'),
('drizzle', 'mrholení', 'AMERICAN_ENGLISH', 'CZECH'),
('drought', 'sucho', 'AMERICAN_ENGLISH', 'CZECH'),
('dryer', 'sušička', 'AMERICAN_ENGLISH', 'CZECH'),
('ds', 'd', 'AMERICAN_ENGLISH', 'CZECH'),
('dsd', 'd', 'AMERICAN_ENGLISH', 'CZECH'),
('dull ', 'hloupý ', 'AMERICAN_ENGLISH', 'CZECH'),
('dumping ground', 'skládka', 'AMERICAN_ENGLISH', 'CZECH'),
('dustman', 'popelář', 'AMERICAN_ENGLISH', 'CZECH'),
('dutch', 'holandština', 'AMERICAN_ENGLISH', 'CZECH'),
('dutch', 'holandština, holanďan', 'AMERICAN_ENGLISH', 'CZECH'),
('duty', 'clo', 'AMERICAN_ENGLISH', 'CZECH'),
('duvet', 'přikrývka', 'AMERICAN_ENGLISH', 'CZECH'),
('e', 'd', 'AMERICAN_ENGLISH', 'CZECH'),
('E', 'E', 'AMERICAN_ENGLISH', 'CZECH'),
('E', 'W', 'AMERICAN_ENGLISH', 'CZECH'),
('earnings', 'příjmy', 'AMERICAN_ENGLISH', 'CZECH'),
('ease ', 'zmírnit', 'AMERICAN_ENGLISH', 'CZECH'),
('easel', 'stojan', 'AMERICAN_ENGLISH', 'CZECH'),
('easy-going', 'ležérní, tolerantní', 'AMERICAN_ENGLISH', 'CZECH'),
('ecological tax ', 'ekologická daň ', 'AMERICAN_ENGLISH', 'CZECH'),
('economic ', 'hospodářský', 'AMERICAN_ENGLISH', 'CZECH'),
('economic contraction ', 'hospodářský pokles ', 'AMERICAN_ENGLISH', 'CZECH'),
('economic incentive ', 'ekonomický stimul', 'AMERICAN_ENGLISH', 'CZECH'),
('economies of scale ', 'úspory z rozsahu ', 'AMERICAN_ENGLISH', 'CZECH'),
('editorial', 'úvodní článek', 'AMERICAN_ENGLISH', 'CZECH'),
('ee', 'e', 'AMERICAN_ENGLISH', 'CZECH'),
('eke out', 'zacházet s něčím hospodárně', 'AMERICAN_ENGLISH', 'CZECH'),
('elaborate ', 'rozpracovat ', 'AMERICAN_ENGLISH', 'CZECH'),
('elated', 'vzrušený', 'AMERICAN_ENGLISH', 'CZECH'),
('elicit ', 'vylákat ', 'AMERICAN_ENGLISH', 'CZECH'),
('elicit', 'vyvolat', 'AMERICAN_ENGLISH', 'CZECH'),
('eloquence', 'výmluvnost', 'AMERICAN_ENGLISH', 'CZECH'),
('elusive ', 'nepolapitelný ', 'AMERICAN_ENGLISH', 'CZECH'),
('embezzle', 'zpronevěřit', 'AMERICAN_ENGLISH', 'CZECH'),
('embrace ', 'objetí ', 'AMERICAN_ENGLISH', 'CZECH'),
('embroidered', 'vyšívané', 'AMERICAN_ENGLISH', 'CZECH'),
('emerge ', 'vyplívat, vynořovat se ', 'AMERICAN_ENGLISH', 'CZECH'),
('emphasis', 'důraz', 'AMERICAN_ENGLISH', 'CZECH'),
('empower', 'zmocnit (někoho něčím)', 'AMERICAN_ENGLISH', 'CZECH'),
('endorse', 'podpořit', 'AMERICAN_ENGLISH', 'CZECH'),
('engaged in ', 'zabývající se ', 'AMERICAN_ENGLISH', 'CZECH'),
('enrol', 'zapsat', 'AMERICAN_ENGLISH', 'CZECH'),
('enroll', 'zapsat', 'AMERICAN_ENGLISH', 'CZECH'),
('enterprise ', 'podnik ', 'AMERICAN_ENGLISH', 'CZECH'),
('entice', 'lákat, vábit', 'AMERICAN_ENGLISH', 'CZECH'),
('entrety', 'entrety', 'AMERICAN_ENGLISH', 'CZECH'),
('entrust ', 'svěřit ', 'AMERICAN_ENGLISH', 'CZECH'),
('equator', 'rovník', 'AMERICAN_ENGLISH', 'CZECH'),
('equity financing', 'financování vlastního kapitálu', 'AMERICAN_ENGLISH', 'CZECH'),
('establish ', 'nastolit, navázat ', 'AMERICAN_ENGLISH', 'CZECH'),
('establish rapport ', 'navázat vztah ', 'AMERICAN_ENGLISH', 'CZECH'),
('estate agent', 'realitní agent', 'AMERICAN_ENGLISH', 'CZECH'),
('estranged', 'odcizený', 'AMERICAN_ENGLISH', 'CZECH'),
('estuary', 'ústí', 'AMERICAN_ENGLISH', 'CZECH'),
('evaluate ', 'vyhodnotit ', 'AMERICAN_ENGLISH', 'CZECH'),
('ewe', 'obce', 'AMERICAN_ENGLISH', 'CZECH'),
('ewe', 'ovce', 'AMERICAN_ENGLISH', 'CZECH'),
('exacerbate', 'zhoršuje', 'AMERICAN_ENGLISH', 'CZECH'),
('exceptionally ', 'výjimečně ', 'AMERICAN_ENGLISH', 'CZECH'),
('excess', 'přebytek', 'AMERICAN_ENGLISH', 'CZECH'),
('excessive consumerism ', 'nadměrný konzumerismus ', 'AMERICAN_ENGLISH', 'CZECH'),
('excise duty ', 'spotřební daň', 'AMERICAN_ENGLISH', 'CZECH'),
('execute the goal ', 'splnit cíl ', 'AMERICAN_ENGLISH', 'CZECH'),
('executive ', 'vedoucí pracovník', 'AMERICAN_ENGLISH', 'CZECH'),
('expenditure', 'výdaj', 'AMERICAN_ENGLISH', 'CZECH'),
('expense, spending ', 'výdaj', 'AMERICAN_ENGLISH', 'CZECH'),
('expenses', 'výdaje', 'AMERICAN_ENGLISH', 'CZECH'),
('exploiting ', 'využívání ', 'AMERICAN_ENGLISH', 'CZECH'),
('exploratory talk', 'zjišťující rozhovor', 'AMERICAN_ENGLISH', 'CZECH'),
('externalities ', 'externality (označení pro vnější účinek nějakého ekonomického rozhodnutí, který nese někdo jiný než její původce - př. znečištění životního prostředí)', 'AMERICAN_ENGLISH', 'CZECH'),
('eyeball ', 'zírat,civět ', 'AMERICAN_ENGLISH', 'CZECH'),
('facetious', 'vtipný', 'AMERICAN_ENGLISH', 'CZECH'),
('fading', 'upadající, vadnoucí', 'AMERICAN_ENGLISH', 'CZECH'),
('faint', 'omdlít', 'AMERICAN_ENGLISH', 'CZECH'),
('fall ill', 'onemocnět', 'AMERICAN_ENGLISH', 'CZECH'),
('fallout', 'spad', 'AMERICAN_ENGLISH', 'CZECH'),
('falsify ', 'padělat ', 'AMERICAN_ENGLISH', 'CZECH'),
('fare', 'jízdné', 'AMERICAN_ENGLISH', 'CZECH'),
('fashionable', 'módní', 'AMERICAN_ENGLISH', 'CZECH'),
('feasible,doable', 'udělatelné', 'AMERICAN_ENGLISH', 'CZECH'),
('fees ', 'poplatky ', 'AMERICAN_ENGLISH', 'CZECH'),
('felony', 'zločin', 'AMERICAN_ENGLISH', 'CZECH'),
('fiancé', 'snoubenec', 'AMERICAN_ENGLISH', 'CZECH'),
('fiancée', 'snoubenka', 'AMERICAN_ENGLISH', 'CZECH'),
('fiancée', 'snoubneka', 'AMERICAN_ENGLISH', 'CZECH'),
('fiat money', 'nekryté peníze', 'AMERICAN_ENGLISH', 'CZECH'),
('fib', 'nevinnalež', 'AMERICAN_ENGLISH', 'CZECH'),
('fickle', 'nestálý', 'AMERICAN_ENGLISH', 'CZECH'),
('fill a vacancy ', 'zaplnit volné místo ', 'AMERICAN_ENGLISH', 'CZECH'),
('filling station', 'čerpací stanice', 'AMERICAN_ENGLISH', 'CZECH'),
('financial charge imposed on a taxpayer ', 'finanční zatížení uložené na plátce daní ', 'AMERICAN_ENGLISH', 'CZECH'),
('findings', 'zjištění, nález', 'AMERICAN_ENGLISH', 'CZECH'),
('fine', 'pokuta', 'AMERICAN_ENGLISH', 'CZECH'),
('fiscal policy', 'fiskální politika(ekonomika státu, která se snaží ovlivňovat vývoj ekonomiky změnami výše a struktury veřejných výdajů a daní)', 'AMERICAN_ENGLISH', 'CZECH'),
('fizzle out ', 'vyšumět', 'AMERICAN_ENGLISH', 'CZECH'),
('flat tax ', 'rovná daň ', 'AMERICAN_ENGLISH', 'CZECH'),
('Flip out', 'Vyklopit', 'AMERICAN_ENGLISH', 'CZECH'),
('Flip out', 'Vyklopit, vylítnout', 'AMERICAN_ENGLISH', 'CZECH'),
('flip side ', 'odvrácená strana ', 'AMERICAN_ENGLISH', 'CZECH'),
('flipchart ', 'přenostná prezenční papírová tabule ', 'AMERICAN_ENGLISH', 'CZECH'),
('float a company', 'poprvé prodat akcie společnosti ', 'AMERICAN_ENGLISH', 'CZECH'),
('floor boards', 'podlahové desky', 'AMERICAN_ENGLISH', 'CZECH'),
('Floss', 'Nitě', 'AMERICAN_ENGLISH', 'CZECH'),
('flow chart ', 'Vývojový diagram ', 'AMERICAN_ENGLISH', 'CZECH'),
('flowerbed', 'záhon', 'AMERICAN_ENGLISH', 'CZECH'),
('fluctuate ', 'kolísat ', 'AMERICAN_ENGLISH', 'CZECH'),
('flux', 'proudění', 'AMERICAN_ENGLISH', 'CZECH'),
('fold your arm', 'skřížit ruce', 'AMERICAN_ENGLISH', 'CZECH'),
('follow-up action', 'následná opatření', 'AMERICAN_ENGLISH', 'CZECH'),
('for all concerned ', 'pro všechny zúčastněné ', 'AMERICAN_ENGLISH', 'CZECH'),
('for the time being', 'prozatím', 'AMERICAN_ENGLISH', 'CZECH'),
('foreman', 'mistr', 'AMERICAN_ENGLISH', 'CZECH'),
('forge', 'padělat', 'AMERICAN_ENGLISH', 'CZECH'),
('former', 'první zmíněný', 'AMERICAN_ENGLISH', 'CZECH'),
('fortnight', 'čtrnáct dní', 'AMERICAN_ENGLISH', 'CZECH'),
('foster ', 'podporovat ', 'AMERICAN_ENGLISH', 'CZECH'),
('foyer', 'vstupní hala', 'AMERICAN_ENGLISH', 'CZECH'),
('fractional reserve banking ', 'bankovnictví částečných rezerv ', 'AMERICAN_ENGLISH', 'CZECH'),
('fraught', 'plný', 'AMERICAN_ENGLISH', 'CZECH'),
('freckles', 'pihy', 'AMERICAN_ENGLISH', 'CZECH'),
('free trade ', 'volný obchod ', 'AMERICAN_ENGLISH', 'CZECH'),
('fretka', 'ferret', 'AMERICAN_ENGLISH', 'CZECH'),
('frivolous', 'povrchní', 'AMERICAN_ENGLISH', 'CZECH'),
('fuel flap', 'palivová klapka', 'AMERICAN_ENGLISH', 'CZECH'),
('fulfilling ', 'splňující ', 'AMERICAN_ENGLISH', 'CZECH'),
('funnel', 'trychtýř', 'AMERICAN_ENGLISH', 'CZECH'),
('furtive', 'kradmý', 'AMERICAN_ENGLISH', 'CZECH'),
('G', 'F', 'AMERICAN_ENGLISH', 'CZECH'),
('G', 'G', 'AMERICAN_ENGLISH', 'CZECH'),
('G', 'R', 'AMERICAN_ENGLISH', 'CZECH'),
('gale', 'vichřice', 'AMERICAN_ENGLISH', 'CZECH'),
('gander', 'houser', 'AMERICAN_ENGLISH', 'CZECH'),
('gardener', 'zahradník', 'AMERICAN_ENGLISH', 'CZECH'),
('gardening', 'práce na zahradě', 'AMERICAN_ENGLISH', 'CZECH'),
('gasp', 'lapat po dechu', 'AMERICAN_ENGLISH', 'CZECH'),
('gaze out', 'vyhlížet ven', 'AMERICAN_ENGLISH', 'CZECH'),
('genuine ', 'originální ', 'AMERICAN_ENGLISH', 'CZECH'),
('geographer', 'geograf', 'AMERICAN_ENGLISH', 'CZECH'),
('get a good deal ', 'výhodná koupě', 'AMERICAN_ENGLISH', 'CZECH'),
('get a raw,rough deal ', 'nevýhodný obchod(be badly treated)', 'AMERICAN_ENGLISH', 'CZECH'),
('get on with ', 'vycházet', 'AMERICAN_ENGLISH', 'CZECH'),
('get stuck in ', 'uvíznout v ', 'AMERICAN_ENGLISH', 'CZECH'),
('get through', 'spojit(telefonicky někoho s nekým)', 'AMERICAN_ENGLISH', 'CZECH'),
('gift gains tax ', 'darovací daň', 'AMERICAN_ENGLISH', 'CZECH'),
('Give up', 'Vzdát se', 'AMERICAN_ENGLISH', 'CZECH'),
('glacier', 'ledovec', 'AMERICAN_ENGLISH', 'CZECH'),
('glances', 'pohledy', 'AMERICAN_ENGLISH', 'CZECH'),
('glassblowers ', 'skláři ', 'AMERICAN_ENGLISH', 'CZECH'),
('glazier', 'sklenář', 'AMERICAN_ENGLISH', 'CZECH'),
('gloomy', 'ponurý', 'AMERICAN_ENGLISH', 'CZECH'),
('gloomy', 'sklíčený', 'AMERICAN_ENGLISH', 'CZECH'),
('go bankrupt', 'zbankrotovat', 'AMERICAN_ENGLISH', 'CZECH'),
('go bust ', 'rozpadnout se ', 'AMERICAN_ENGLISH', 'CZECH'),
('go bust', 'zkrachovat, přijít na buben', 'AMERICAN_ENGLISH', 'CZECH'),
('go under ', 'jít ke dnu', 'AMERICAN_ENGLISH', 'CZECH'),
('goose', 'husa', 'AMERICAN_ENGLISH', 'CZECH'),
('gorge', 'rokle', 'AMERICAN_ENGLISH', 'CZECH'),
('government consumption', 'Spotřeba vlády', 'AMERICAN_ENGLISH', 'CZECH'),
('governor', 'guvernér', 'AMERICAN_ENGLISH', 'CZECH'),
('gradually ', 'postupně (se něco mění)', 'AMERICAN_ENGLISH', 'CZECH'),
('graduate from ', 'Absolvent z ', 'AMERICAN_ENGLISH', 'CZECH'),
('grandeur', 'majestátnost', 'AMERICAN_ENGLISH', 'CZECH'),
('grant', 'dotace', 'AMERICAN_ENGLISH', 'CZECH'),
('grasshopper', 'saranče', 'AMERICAN_ENGLISH', 'CZECH'),
('grater', 'struhadlo', 'AMERICAN_ENGLISH', 'CZECH'),
('greet', 'pozdravit', 'AMERICAN_ENGLISH', 'CZECH'),
('grid ', 'mřížka ', 'AMERICAN_ENGLISH', 'CZECH'),
('gross income', 'hrubý příjem', 'AMERICAN_ENGLISH', 'CZECH'),
('ground rules ', 'základní pravidla ', 'AMERICAN_ENGLISH', 'CZECH'),
('grumple', 'gouse (zlobit se)', 'AMERICAN_ENGLISH', 'CZECH'),
('grunt', 'chrochtat', 'AMERICAN_ENGLISH', 'CZECH'),
('gulf', 'záliv', 'AMERICAN_ENGLISH', 'CZECH'),
('gullible', 'naivní', 'AMERICAN_ENGLISH', 'CZECH'),
('gurgle', 'bublání', 'AMERICAN_ENGLISH', 'CZECH'),
('gust of wind', 'poryv větru', 'AMERICAN_ENGLISH', 'CZECH'),
('Gutter', 'Okap', 'AMERICAN_ENGLISH', 'CZECH'),
('habitat', 'místo výskytu', 'AMERICAN_ENGLISH', 'CZECH'),
('habitat', 'místo výskytz', 'AMERICAN_ENGLISH', 'CZECH'),
('Haggle', 'Smlouvat', 'AMERICAN_ENGLISH', 'CZECH'),
('hailstorm', 'krupobití', 'AMERICAN_ENGLISH', 'CZECH'),
('hammock', 'houpací síť', 'AMERICAN_ENGLISH', 'CZECH'),
('hand in your notice ', 'přilořžit výpověď ', 'AMERICAN_ENGLISH', 'CZECH'),
('hand out', 'rozdávat', 'AMERICAN_ENGLISH', 'CZECH'),
('handsome', 'heyk7', 'AMERICAN_ENGLISH', 'CZECH'),
('handsome', 'hezký', 'AMERICAN_ENGLISH', 'CZECH'),
('hang on, hold on', 'vydrž', 'AMERICAN_ENGLISH', 'CZECH'),
('hang up, ring off', 'zavěsit', 'AMERICAN_ENGLISH', 'CZECH'),
('hanger', 'ramínko', 'AMERICAN_ENGLISH', 'CZECH'),
('harsh ', 'krutý ', 'AMERICAN_ENGLISH', 'CZECH'),
('haughty', 'povýšený', 'AMERICAN_ENGLISH', 'CZECH'),
('Hd', 'Na', 'AMERICAN_ENGLISH', 'CZECH'),
('headhunter ', 'ten kdo přetahuje pracovníky do jiné firmy ', 'AMERICAN_ENGLISH', 'CZECH'),
('headlight', 'přední světlo', 'AMERICAN_ENGLISH', 'CZECH'),
('heatwave', 'horko', 'AMERICAN_ENGLISH', 'CZECH'),
('hedge', 'živý plot', 'AMERICAN_ENGLISH', 'CZECH'),
('hedge funds', 'investiční fond', 'AMERICAN_ENGLISH', 'CZECH'),
('hen', 'slepice', 'AMERICAN_ENGLISH', 'CZECH'),
('herring', 'sleď', 'AMERICAN_ENGLISH', 'CZECH'),
('hesitant', 'váhající', 'AMERICAN_ENGLISH', 'CZECH'),
('hickey', 'cucflek', 'AMERICAN_ENGLISH', 'CZECH'),
('high-yield ', 'vysoký výnos', 'AMERICAN_ENGLISH', 'CZECH'),
('highfalutin', 'domýšlivý', 'AMERICAN_ENGLISH', 'CZECH'),
('hinge', 'pant', 'AMERICAN_ENGLISH', 'CZECH'),
('hinge', 'závěs', 'AMERICAN_ENGLISH', 'CZECH'),
('hint ', 'náznak, narážet ', 'AMERICAN_ENGLISH', 'CZECH'),
('hiss', 'syčení', 'AMERICAN_ENGLISH', 'CZECH'),
('hive', 'úl', 'AMERICAN_ENGLISH', 'CZECH'),
('home', 'domov', 'AMERICAN_ENGLISH', 'CZECH'),
('home theater', 'domácí kino', 'AMERICAN_ENGLISH', 'CZECH'),
('home theatre', 'domácí kino', 'AMERICAN_ENGLISH', 'CZECH'),
('homed', 'domov', 'AMERICAN_ENGLISH', 'CZECH'),
('hooves', 'kopyta', 'AMERICAN_ENGLISH', 'CZECH'),
('hornswoggle', 'zahnout někomu', 'AMERICAN_ENGLISH', 'CZECH'),
('house', 'dom', 'AMERICAN_ENGLISH', 'CZECH'),
('hum', 'hučení', 'AMERICAN_ENGLISH', 'CZECH'),
('humidity', 'vlhkost vzduchu', 'AMERICAN_ENGLISH', 'CZECH'),
('humps', 'hrby', 'AMERICAN_ENGLISH', 'CZECH'),
('hurdling', 'skok přez překážku', 'AMERICAN_ENGLISH', 'CZECH'),
('hyphen', 'spojovací čárka', 'AMERICAN_ENGLISH', 'CZECH'),
('i', 'i', 'AMERICAN_ENGLISH', 'CZECH'),
('ignite', 'extinguish', 'AMERICAN_ENGLISH', 'CZECH'),
('illiquid', 'nelikvidní(nedá se změnit v peníze tak rychle)', 'AMERICAN_ENGLISH', 'CZECH'),
('immediate response', 'Okamžitá odpověď', 'AMERICAN_ENGLISH', 'CZECH'),
('immense ', 'obrovský ', 'AMERICAN_ENGLISH', 'CZECH'),
('impartially ', 'nestranně ', 'AMERICAN_ENGLISH', 'CZECH'),
('imperative', 'rozkazovací způsob', 'AMERICAN_ENGLISH', 'CZECH'),
('impertinent', 'impertinentní', 'AMERICAN_ENGLISH', 'CZECH'),
('impose ', 'uložit ', 'AMERICAN_ENGLISH', 'CZECH'),
('in addition to,moreover', 'navíc (k)', 'AMERICAN_ENGLISH', 'CZECH'),
('in comparison with', 've srovnání s ', 'AMERICAN_ENGLISH', 'CZECH'),
('in conclusion', 'na závěr', 'AMERICAN_ENGLISH', 'CZECH'),
('in term of ', 've smyslu', 'AMERICAN_ENGLISH', 'CZECH'),
('in this respect', 'v tomto ohledu', 'AMERICAN_ENGLISH', 'CZECH'),
('inauthentic ', 'nevěrohodný ', 'AMERICAN_ENGLISH', 'CZECH'),
('incendiary', 'zápalný', 'AMERICAN_ENGLISH', 'CZECH'),
('incentive ', 'pobídka', 'AMERICAN_ENGLISH', 'CZECH'),
('incentive ', 'pobídka, stimul', 'AMERICAN_ENGLISH', 'CZECH'),
('incisive', 'pronikavý', 'AMERICAN_ENGLISH', 'CZECH'),
('inclusion ', 'zahrnutí ', 'AMERICAN_ENGLISH', 'CZECH'),
('incomprehensible ', 'nepochopitelný', 'AMERICAN_ENGLISH', 'CZECH'),
('inconvenience ', 'nepříjemnost ', 'AMERICAN_ENGLISH', 'CZECH'),
('incorporate ', 'zahrnout ', 'AMERICAN_ENGLISH', 'CZECH'),
('incredulity', 'nedůvěřivost', 'AMERICAN_ENGLISH', 'CZECH'),
('indecent', 'sprostý', 'AMERICAN_ENGLISH', 'CZECH'),
('indicated ', 'uvedený(př. čísla v grafu)', 'AMERICAN_ENGLISH', 'CZECH'),
('indigestion', 'zažívací potíže', 'AMERICAN_ENGLISH', 'CZECH'),
('indignation', 'rozhořčení', 'AMERICAN_ENGLISH', 'CZECH'),
('indoctrinate', 'poučovat', 'AMERICAN_ENGLISH', 'CZECH'),
('indolent', 'indolentní', 'AMERICAN_ENGLISH', 'CZECH'),
('infant industry ', 'mladé vznikající průmyslové odvětví ', 'AMERICAN_ENGLISH', 'CZECH'),
('influenza', 'chřipka', 'AMERICAN_ENGLISH', 'CZECH'),
('inhabitants ', 'obyvatelé', 'AMERICAN_ENGLISH', 'CZECH'),
('inheritance tax ', 'dědická daň ', 'AMERICAN_ENGLISH', 'CZECH'),
('initially ', 'Zpočátku ', 'AMERICAN_ENGLISH', 'CZECH'),
('inn', 'hospoda', 'AMERICAN_ENGLISH', 'CZECH'),
('inquire ', 'pátrat ', 'AMERICAN_ENGLISH', 'CZECH'),
('inquire,enquire ', 'dotazovat se ', 'AMERICAN_ENGLISH', 'CZECH'),
('inquiry', 'dotaz,otázka', 'AMERICAN_ENGLISH', 'CZECH'),
('insincere', 'neupřímný', 'AMERICAN_ENGLISH', 'CZECH'),
('insurance coverage', 'pojistné krytí', 'AMERICAN_ENGLISH', 'CZECH'),
('insurance schemes', 'pojistné programy', 'AMERICAN_ENGLISH', 'CZECH'),
('insurrection', 'povstání', 'AMERICAN_ENGLISH', 'CZECH'),
('intact', 'Nedotknutelný', 'AMERICAN_ENGLISH', 'CZECH'),
('integrate ', 'integrovat ', 'AMERICAN_ENGLISH', 'CZECH'),
('intended', 'zamýšlený, plánovaný ', 'AMERICAN_ENGLISH', 'CZECH'),
('intensifiers', 'zesilující výrazy', 'AMERICAN_ENGLISH', 'CZECH'),
('intentional', 'accidental', 'AMERICAN_ENGLISH', 'CZECH'),
('interest rate ', 'úroková sazba ', 'AMERICAN_ENGLISH', 'CZECH'),
('interfere ', 'zasahovat ', 'AMERICAN_ENGLISH', 'CZECH'),
('interns', 'stážisté ', 'AMERICAN_ENGLISH', 'CZECH'),
('internship', 'stáž', 'AMERICAN_ENGLISH', 'CZECH'),
('intersect', 'protínat (osy v grafu)', 'AMERICAN_ENGLISH', 'CZECH'),
('intervene', 'zasahovat', 'AMERICAN_ENGLISH', 'CZECH'),
('intimidated', 'zastrašený', 'AMERICAN_ENGLISH', 'CZECH'),
('intrinsic motivation,inner drive ', 'vnitřní motivace ', 'AMERICAN_ENGLISH', 'CZECH'),
('introduce proposal', 'představit návrh', 'AMERICAN_ENGLISH', 'CZECH'),
('intrude ', 'narušovat ', 'AMERICAN_ENGLISH', 'CZECH'),
('intrusive ', 'dotěrný', 'AMERICAN_ENGLISH', 'CZECH'),
('invent', 'vynalézt', 'AMERICAN_ENGLISH', 'CZECH'),
('invigorating', 'povzbuzující', 'AMERICAN_ENGLISH', 'CZECH'),
('invisible trade ', 'vývoz a dovoz služeb ', 'AMERICAN_ENGLISH', 'CZECH'),
('invoice', 'faktura', 'AMERICAN_ENGLISH', 'CZECH'),
('issuing money', 'vydávání peněz', 'AMERICAN_ENGLISH', 'CZECH'),
('J', 'F', 'AMERICAN_ENGLISH', 'CZECH'),
('jargon ', 'žargon ', 'AMERICAN_ENGLISH', 'CZECH'),
('javelin', 'oštěp', 'AMERICAN_ENGLISH', 'CZECH'),
('Je', 'Ze', 'AMERICAN_ENGLISH', 'CZECH'),
('jingle', 'cinkot', 'AMERICAN_ENGLISH', 'CZECH'),
('job vacancy ', 'volné pracovní místo ', 'AMERICAN_ENGLISH', 'CZECH'),
('joyful', 'radostný', 'AMERICAN_ENGLISH', 'CZECH'),
('jubilee', 'jubileum', 'AMERICAN_ENGLISH', 'CZECH'),
('jumbled up', 'promíchaný', 'AMERICAN_ENGLISH', 'CZECH'),
('juristic person', 'právnická osoba', 'AMERICAN_ENGLISH', 'CZECH'),
('keel', 'kýl', 'AMERICAN_ENGLISH', 'CZECH'),
('keen to ', 'zapálen do', 'AMERICAN_ENGLISH', 'CZECH'),
('kettle', 'varná konvice', 'AMERICAN_ENGLISH', 'CZECH'),
('kickback', 'úplatek', 'AMERICAN_ENGLISH', 'CZECH'),
('kinky', 'ujetý,perverzní', 'AMERICAN_ENGLISH', 'CZECH'),
('kite', 'papírový dark', 'AMERICAN_ENGLISH', 'CZECH'),
('knickers', 'kalhotky', 'AMERICAN_ENGLISH', 'CZECH'),
('label', 'označení, štítek', 'AMERICAN_ENGLISH', 'CZECH'),
('label, brand ', 'značka', 'AMERICAN_ENGLISH', 'CZECH'),
('labelled ', 'označeny ', 'AMERICAN_ENGLISH', 'CZECH'),
('lace ', 'Krajka ', 'AMERICAN_ENGLISH', 'CZECH'),
('lace', 'přidat malé množství někam(př. drogu do pití)', 'AMERICAN_ENGLISH', 'CZECH'),
('lack of applicable skills ', 'nedostatek použitelných dovedností ', 'AMERICAN_ENGLISH', 'CZECH'),
('lackadaisical', 'lhostejný', 'AMERICAN_ENGLISH', 'CZECH'),
('ladybug', 'slunéčko sedmitečné', 'AMERICAN_ENGLISH', 'CZECH'),
('lamb', 'jehněčí', 'AMERICAN_ENGLISH', 'CZECH'),
('landfall ', 'dosažení pevniny ', 'AMERICAN_ENGLISH', 'CZECH'),
('landlord', 'domácí', 'AMERICAN_ENGLISH', 'CZECH'),
('landslides', 'sesuvy půdy', 'AMERICAN_ENGLISH', 'CZECH'),
('languid', 'malátný', 'AMERICAN_ENGLISH', 'CZECH'),
('lascivious', 'lascivní', 'AMERICAN_ENGLISH', 'CZECH'),
('latest figures ', 'nejnovější čísla ', 'AMERICAN_ENGLISH', 'CZECH'),
('laundering', 'praní špinavých peněz', 'AMERICAN_ENGLISH', 'CZECH'),
('lavish', 'bohatý', 'AMERICAN_ENGLISH', 'CZECH'),
('lay-off', 'propustit', 'AMERICAN_ENGLISH', 'CZECH'),
('laybug', 'slunéčko sedmitečné', 'AMERICAN_ENGLISH', 'CZECH'),
('layout', 'nákres', 'AMERICAN_ENGLISH', 'CZECH'),
('lead', 'olovo', 'AMERICAN_ENGLISH', 'CZECH'),
('lean', 'opírat se', 'AMERICAN_ENGLISH', 'CZECH'),
('leap year', 'přestupný rok', 'AMERICAN_ENGLISH', 'CZECH'),
('lend out', 'půjčovat', 'AMERICAN_ENGLISH', 'CZECH'),
('lender', 'věřitel', 'AMERICAN_ENGLISH', 'CZECH'),
('letterbox', 'poštovní schránka', 'AMERICAN_ENGLISH', 'CZECH'),
('level off', 'ustálit,stabilizovat se ', 'AMERICAN_ENGLISH', 'CZECH'),
('levy taxes', 'vybírat daně', 'AMERICAN_ENGLISH', 'CZECH'),
('liabilities', 'pasiva', 'AMERICAN_ENGLISH', 'CZECH'),
('liaise with somebody ', 'spolupracovat s někým', 'AMERICAN_ENGLISH', 'CZECH'),
('libel', 'hanobit', 'AMERICAN_ENGLISH', 'CZECH'),
('life jacket', 'záchranná vesta', 'AMERICAN_ENGLISH', 'CZECH'),
('lightning', 'blesk', 'AMERICAN_ENGLISH', 'CZECH'),
('likewise ', 'podobně, stejně tak ', 'AMERICAN_ENGLISH', 'CZECH'),
('limited by volume', 'limitovaný objemem (např. import)', 'AMERICAN_ENGLISH', 'CZECH'),
('line graph ', 'Spojnicový graf ', 'AMERICAN_ENGLISH', 'CZECH'),
('linen', 'ložní prádlo', 'AMERICAN_ENGLISH', 'CZECH'),
('linen', 'plátno', 'AMERICAN_ENGLISH', 'CZECH'),
('lingerie', 'spodní prádlo', 'AMERICAN_ENGLISH', 'CZECH'),
('Livelihood', 'Živobytí', 'AMERICAN_ENGLISH', 'CZECH'),
('lobster', 'humr', 'AMERICAN_ENGLISH', 'CZECH'),
('lounge bar', 'salónek', 'AMERICAN_ENGLISH', 'CZECH'),
('low profit margin', 'nízká zisková marže', 'AMERICAN_ENGLISH', 'CZECH'),
('lustrum', 'pětiletí', 'AMERICAN_ENGLISH', 'CZECH'),
('maintain', 'preserve', 'AMERICAN_ENGLISH', 'CZECH'),
('make a fortune ', 'zbohatnout', 'AMERICAN_ENGLISH', 'CZECH'),
('make concession', 'ustoupit', 'AMERICAN_ENGLISH', 'CZECH'),
('make loan ', 'poskytovat půjčku', 'AMERICAN_ENGLISH', 'CZECH'),
('make redundant, dismiss,lay off', 'propustit ', 'AMERICAN_ENGLISH', 'CZECH'),
('make your good qualities stand out ', 'nechat své přednosti vyniknout ', 'AMERICAN_ENGLISH', 'CZECH'),
('managerial ', 'manažérský, řídící ', 'AMERICAN_ENGLISH', 'CZECH'),
('mare', 'kobyla', 'AMERICAN_ENGLISH', 'CZECH'),
('marital status ', 'stav (svobodný ..)', 'AMERICAN_ENGLISH', 'CZECH'),
('marker', 'zvýrazňovač', 'AMERICAN_ENGLISH', 'CZECH'),
('marketing ploy ', 'marketingový trik ', 'AMERICAN_ENGLISH', 'CZECH'),
('mason', 'zedník', 'AMERICAN_ENGLISH', 'CZECH'),
('maternity', 'mateřství', 'AMERICAN_ENGLISH', 'CZECH'),
('maturity date ', 'Datum splatnosti ', 'AMERICAN_ENGLISH', 'CZECH'),
('measles', 'spalničky', 'AMERICAN_ENGLISH', 'CZECH'),
('mediocrity ', 'průměrnost ', 'AMERICAN_ENGLISH', 'CZECH'),
('memory stick', 'paměťová karta', 'AMERICAN_ENGLISH', 'CZECH'),
('memos ', 'písmené vnitřní sdělení ', 'AMERICAN_ENGLISH', 'CZECH'),
('merger ', 'fúze ', 'AMERICAN_ENGLISH', 'CZECH'),
('merit good ', 'obecně prospěšný statek ( př. lampa)', 'AMERICAN_ENGLISH', 'CZECH'),
('mew', 'mňoukání', 'AMERICAN_ENGLISH', 'CZECH'),
('mirthless', 'neveselý', 'AMERICAN_ENGLISH', 'CZECH'),
('miscarriage', 'potrat', 'AMERICAN_ENGLISH', 'CZECH'),
('mischievous', 'zlomyslný', 'AMERICAN_ENGLISH', 'CZECH'),
('misconception ', 'falešný dojem', 'AMERICAN_ENGLISH', 'CZECH'),
('misinterpretation ', 'chybné vysvětlení ', 'AMERICAN_ENGLISH', 'CZECH'),
('mist', 'mlha', 'AMERICAN_ENGLISH', 'CZECH'),
('moan', 'sténání', 'AMERICAN_ENGLISH', 'CZECH'),
('modality ', 'metoda', 'AMERICAN_ENGLISH', 'CZECH'),
('mode of transport', 'způsob dopravy', 'AMERICAN_ENGLISH', 'CZECH'),
('moderate ', 'přiměřený', 'AMERICAN_ENGLISH', 'CZECH'),
('Mole', 'Krtek', 'AMERICAN_ENGLISH', 'CZECH'),
('monetary policy', 'měnová politika(tvoří ji souhrn zásad a opatření, které mají prostřednictvím měnových nástrojů dosáhnout splnění cílů)', 'AMERICAN_ENGLISH', 'CZECH'),
('money supply', 'peněžní zdroj', 'AMERICAN_ENGLISH', 'CZECH'),
('moneychangers', 'směnárny', 'AMERICAN_ENGLISH', 'CZECH'),
('monthly balance', 'měsíční zůstatek', 'AMERICAN_ENGLISH', 'CZECH'),
('morocco', 'maroko', 'AMERICAN_ENGLISH', 'CZECH'),
('mortgage', 'Hypotéka', 'AMERICAN_ENGLISH', 'CZECH'),
('mother-in-law', 'tchýně', 'AMERICAN_ENGLISH', 'CZECH'),
('motorway', 'dálnice', 'AMERICAN_ENGLISH', 'CZECH'),
('mourn', 'truchlit', 'AMERICAN_ENGLISH', 'CZECH'),
('mouse pad', 'podložka pod myš', 'AMERICAN_ENGLISH', 'CZECH'),
('mug', 'přepadnout', 'AMERICAN_ENGLISH', 'CZECH'),
('muggy', 'vlhko a teplo', 'AMERICAN_ENGLISH', 'CZECH'),
('multilateral trade talks ', 'Mnohostranná obchodní jednání ', 'AMERICAN_ENGLISH', 'CZECH'),
('multinational corporations (MNCs)', 'nadnárodní korporace ', 'AMERICAN_ENGLISH', 'CZECH'),
('muse', 'přemýšlet', 'AMERICAN_ENGLISH', 'CZECH'),
('mutiny', 'vzpoura', 'AMERICAN_ENGLISH', 'CZECH'),
('mutual funds', 'podílové fondy', 'AMERICAN_ENGLISH', 'CZECH'),
('narrow down applicants ', 'zůžit uchazeče ', 'AMERICAN_ENGLISH', 'CZECH'),
('narrow-minded', 'přízemní, úzkoprsý', 'AMERICAN_ENGLISH', 'CZECH'),
('natural person', 'fyzická osoba', 'AMERICAN_ENGLISH', 'CZECH'),
('nausea', 'nevolnost', 'AMERICAN_ENGLISH', 'CZECH'),
('negotiable', 'vyjednáváníschopný', 'AMERICAN_ENGLISH', 'CZECH'),
('neigh', 'rehtání', 'AMERICAN_ENGLISH', 'CZECH'),
('nephew', 'synovec', 'AMERICAN_ENGLISH', 'CZECH'),
('net income', 'čistý příjem', 'AMERICAN_ENGLISH', 'CZECH'),
('neuters', 'bezpohlavní jedinec', 'AMERICAN_ENGLISH', 'CZECH'),
('newsagents shop', 'obchod s novinami', 'AMERICAN_ENGLISH', 'CZECH'),
('niche market ', 'mezera na trhu', 'AMERICAN_ENGLISH', 'CZECH'),
('niece', 'neteř', 'AMERICAN_ENGLISH', 'CZECH'),
('night dress', 'noční košile', 'AMERICAN_ENGLISH', 'CZECH'),
('nod', 'přikývnout', 'AMERICAN_ENGLISH', 'CZECH'),
('non-banking financial intermediaries', 'nebankovní finanční zprostředkovatelé', 'AMERICAN_ENGLISH', 'CZECH'),
('North american free trade agreement(NAFTA)', 'Dohoda o severoamerickém volném obchodu', 'AMERICAN_ENGLISH', 'CZECH'),
('norwegian', 'norština', 'AMERICAN_ENGLISH', 'CZECH'),
('noticeboard ', 'nástěnka', 'AMERICAN_ENGLISH', 'CZECH'),
('nursery', 'školka', 'AMERICAN_ENGLISH', 'CZECH'),
('obituary', 'nekrolog', 'AMERICAN_ENGLISH', 'CZECH'),
('obligation ', 'povinnost ', 'AMERICAN_ENGLISH', 'CZECH'),
('obsolete ', 'zastaralé ', 'AMERICAN_ENGLISH', 'CZECH'),
('obstacle ', 'překážka ', 'AMERICAN_ENGLISH', 'CZECH'),
('obtain ', 'získat ', 'AMERICAN_ENGLISH', 'CZECH'),
('occupied', 'vacant', 'AMERICAN_ENGLISH', 'CZECH'),
('occur ', 'dojít k ', 'AMERICAN_ENGLISH', 'CZECH'),
('off-site ', 'mimo ', 'AMERICAN_ENGLISH', 'CZECH'),
('oil slick', 'ropná skvrna', 'AMERICAN_ENGLISH', 'CZECH'),
('ominous', 'zlověstný', 'AMERICAN_ENGLISH', 'CZECH'),
('on behalf of ', 'v zastoupení ', 'AMERICAN_ENGLISH', 'CZECH'),
('on condition ', 'za podmínky ', 'AMERICAN_ENGLISH', 'CZECH'),
('operating theatre', 'oparační sál', 'AMERICAN_ENGLISH', 'CZECH'),
('orchestra pit', 'orchestřiště', 'AMERICAN_ENGLISH', 'CZECH'),
('organisation of the petroleum exporting countries (OPEC)', 'organizace zemí vyvážejících ropu ', 'AMERICAN_ENGLISH', 'CZECH'),
('ought ', 'měl ', 'AMERICAN_ENGLISH', 'CZECH'),
('out of tune', 'rozladěný', 'AMERICAN_ENGLISH', 'CZECH'),
('outmoded', 'zastaralý', 'AMERICAN_ENGLISH', 'CZECH'),
('output', 'výstup', 'AMERICAN_ENGLISH', 'CZECH'),
('outsource ', 'externě zajišťovat ', 'AMERICAN_ENGLISH', 'CZECH'),
('outspoken ', 'otevřený ', 'AMERICAN_ENGLISH', 'CZECH'),
('overcast', 'zateženo', 'AMERICAN_ENGLISH', 'CZECH'),
('overcoat', 'kabát', 'AMERICAN_ENGLISH', 'CZECH'),
('overdraft', 'kontokorent', 'AMERICAN_ENGLISH', 'CZECH'),
('overhead ', 'režijní náklady ', 'AMERICAN_ENGLISH', 'CZECH'),
('overtake', 'předjet', 'AMERICAN_ENGLISH', 'CZECH'),
('overview, outline ', 'přehled ', 'AMERICAN_ENGLISH', 'CZECH'),
('owned to ', 'vlastněna(někým)', 'AMERICAN_ENGLISH', 'CZECH'),
('oyster', 'ústřice', 'AMERICAN_ENGLISH', 'CZECH'),
('package tour', 'zájezd', 'AMERICAN_ENGLISH', 'CZECH'),
('paper clip', 'kancelářská svorka', 'AMERICAN_ENGLISH', 'CZECH'),
('part time ', 'částečný úvazek ', 'AMERICAN_ENGLISH', 'CZECH'),
('partial shipments', 'dílčí zásilky', 'AMERICAN_ENGLISH', 'CZECH'),
('partisan', 'partyzán', 'AMERICAN_ENGLISH', 'CZECH'),
('passer-by', 'Kolemjdoucí', 'AMERICAN_ENGLISH', 'CZECH'),
('patio', 'nádvoří', 'AMERICAN_ENGLISH', 'CZECH'),
('pay little over the odds ', 'zaplatit něco více než je kurz ', 'AMERICAN_ENGLISH', 'CZECH'),
('pay slip', 'výplatní páska', 'AMERICAN_ENGLISH', 'CZECH'),
('payroll ', 'výplatní páska ', 'AMERICAN_ENGLISH', 'CZECH'),
('pctureque', 'unattractive', 'AMERICAN_ENGLISH', 'CZECH'),
('peak', 'vrchol', 'AMERICAN_ENGLISH', 'CZECH'),
('peak time', 'špička', 'AMERICAN_ENGLISH', 'CZECH'),
('pediatrician', 'detský lékař', 'AMERICAN_ENGLISH', 'CZECH'),
('Peel', 'Kůra', 'AMERICAN_ENGLISH', 'CZECH'),
('peer ', 'vrstevník ', 'AMERICAN_ENGLISH', 'CZECH'),
('pencil sharpener', 'ořezávátko', 'AMERICAN_ENGLISH', 'CZECH'),
('pendant', 'přivěšek', 'AMERICAN_ENGLISH', 'CZECH'),
('peninsula', 'poloostrov', 'AMERICAN_ENGLISH', 'CZECH'),
('pepper mill', 'mlýnek na pepř', 'AMERICAN_ENGLISH', 'CZECH'),
('perceive ', 'vnímat ', 'AMERICAN_ENGLISH', 'CZECH'),
('perishable goods ', 'zboží podléhající rychlé zkáze ', 'AMERICAN_ENGLISH', 'CZECH'),
('permanent ', 'trvalý (práce)', 'AMERICAN_ENGLISH', 'CZECH'),
('permit', 'prohibid', 'AMERICAN_ENGLISH', 'CZECH'),
('permit', 'prohibit', 'AMERICAN_ENGLISH', 'CZECH'),
('perpetuate', 'zachovat', 'AMERICAN_ENGLISH', 'CZECH'),
('pervade', 'prostupujese', 'AMERICAN_ENGLISH', 'CZECH'),
('pes', 'dog', 'AMERICAN_ENGLISH', 'CZECH'),
('petrified', 'ztuhnutý', 'AMERICAN_ENGLISH', 'CZECH'),
('physical education', 'tělocvik', 'AMERICAN_ENGLISH', 'CZECH'),
('pick up the phone, answer the phone', 'zvednout telefon', 'AMERICAN_ENGLISH', 'CZECH'),
('picturesque', 'malebné', 'AMERICAN_ENGLISH', 'CZECH'),
('picturesque', 'unattractive', 'AMERICAN_ENGLISH', 'CZECH'),
('pie chart ', 'koláčový diagram ', 'AMERICAN_ENGLISH', 'CZECH'),
('pile-up', 'hromadná bouračka', 'AMERICAN_ENGLISH', 'CZECH'),
('pine', 'borovice', 'AMERICAN_ENGLISH', 'CZECH'),
('pioneer', 'průkopník', 'AMERICAN_ENGLISH', 'CZECH');
INSERT INTO `vocabulary` (`first_value`, `second_value`, `f_val_source`, `s_val_source`) VALUES
('placards ', 'transparenty, poutače', 'AMERICAN_ENGLISH', 'CZECH'),
('plaice', 'platýz', 'AMERICAN_ENGLISH', 'CZECH'),
('plaster cast', 'sádrový odlitek', 'AMERICAN_ENGLISH', 'CZECH'),
('plasterer', 'štukatér', 'AMERICAN_ENGLISH', 'CZECH'),
('play truant', 'chodit za školu', 'AMERICAN_ENGLISH', 'CZECH'),
('playground', 'dětské hřiště', 'AMERICAN_ENGLISH', 'CZECH'),
('playwright', 'dramatik', 'AMERICAN_ENGLISH', 'CZECH'),
('plethora', 'plethora', 'AMERICAN_ENGLISH', 'CZECH'),
('pliers', 'kleště', 'AMERICAN_ENGLISH', 'CZECH'),
('plum', 'švestka', 'AMERICAN_ENGLISH', 'CZECH'),
('plumber', 'instalatér', 'AMERICAN_ENGLISH', 'CZECH'),
('plummet ', 'sletět, zřítit se ', 'AMERICAN_ENGLISH', 'CZECH'),
('poignant', 'bolestný', 'AMERICAN_ENGLISH', 'CZECH'),
('pop', 'prasknout', 'AMERICAN_ENGLISH', 'CZECH'),
('pop up ads ', 'vyskakovací reklamy ', 'AMERICAN_ENGLISH', 'CZECH'),
('porch', 'veranda', 'AMERICAN_ENGLISH', 'CZECH'),
('port', 'přístav', 'AMERICAN_ENGLISH', 'CZECH'),
('porter', 'nosič, portýr', 'AMERICAN_ENGLISH', 'CZECH'),
('portuguese', 'portugalština', 'AMERICAN_ENGLISH', 'CZECH'),
('postal service ', 'poštovní služby ', 'AMERICAN_ENGLISH', 'CZECH'),
('postpone ', 'odložit ', 'AMERICAN_ENGLISH', 'CZECH'),
('poverty gap', 'míra chudoby ', 'AMERICAN_ENGLISH', 'CZECH'),
('power loom', 'mechanický stav', 'AMERICAN_ENGLISH', 'CZECH'),
('praise and recognition ', 'chvála a uznání ', 'AMERICAN_ENGLISH', 'CZECH'),
('pram', 'dětský kočárek', 'AMERICAN_ENGLISH', 'CZECH'),
('precipitation', 'srážky', 'AMERICAN_ENGLISH', 'CZECH'),
('precursor', 'předchůdce', 'AMERICAN_ENGLISH', 'CZECH'),
('preferably a native speaker ', 'přednostně rodilý mluvčí ', 'AMERICAN_ENGLISH', 'CZECH'),
('preliminary ', 'předběžný ', 'AMERICAN_ENGLISH', 'CZECH'),
('preponderance', 'převaha', 'AMERICAN_ENGLISH', 'CZECH'),
('preserve ', 'ochraňovat ', 'AMERICAN_ENGLISH', 'CZECH'),
('prevalent ', 'převládající ', 'AMERICAN_ENGLISH', 'CZECH'),
('principal', 'jistina(základní peněžní částka, která byla půjčena, nebo která tvořila vklad)', 'AMERICAN_ENGLISH', 'CZECH'),
('principal', 'ředitel školy', 'AMERICAN_ENGLISH', 'CZECH'),
('privation', 'strádání', 'AMERICAN_ENGLISH', 'CZECH'),
('proclivity', 'sklon', 'AMERICAN_ENGLISH', 'CZECH'),
('product portfolio', 'rozsah produktů ', 'AMERICAN_ENGLISH', 'CZECH'),
('profit', 'loss', 'AMERICAN_ENGLISH', 'CZECH'),
('profit sharing ', 'podílet se na zisku ', 'AMERICAN_ENGLISH', 'CZECH'),
('progressive tax system', 'progesivní daňový systém', 'AMERICAN_ENGLISH', 'CZECH'),
('prompt', 'výzva', 'AMERICAN_ENGLISH', 'CZECH'),
('prompter', 'napovídač (hercům)', 'AMERICAN_ENGLISH', 'CZECH'),
('promptly', 'okamžitě', 'AMERICAN_ENGLISH', 'CZECH'),
('proofread ', 'korektura', 'AMERICAN_ENGLISH', 'CZECH'),
('property crime ', 'majetkové zločiny ', 'AMERICAN_ENGLISH', 'CZECH'),
('property tax ', 'daň z nemovitosti ', 'AMERICAN_ENGLISH', 'CZECH'),
('proponents ', 'Zastánci ', 'AMERICAN_ENGLISH', 'CZECH'),
('proportional tax system', 'proporcionální daňový systém', 'AMERICAN_ENGLISH', 'CZECH'),
('propose', 'požádat o ruku', 'AMERICAN_ENGLISH', 'CZECH'),
('proprietor', 'majitel', 'AMERICAN_ENGLISH', 'CZECH'),
('prospect ', 'potenciální zákazník ', 'AMERICAN_ENGLISH', 'CZECH'),
('prospects ', 'šance,vyhlídky ', 'AMERICAN_ENGLISH', 'CZECH'),
('providing legislation', 'poskytování právních předpisů ', 'AMERICAN_ENGLISH', 'CZECH'),
('prudent', 'opatrný', 'AMERICAN_ENGLISH', 'CZECH'),
('public good', 'veřejný statek', 'AMERICAN_ENGLISH', 'CZECH'),
('public transportation', 'Veřejná doprava', 'AMERICAN_ENGLISH', 'CZECH'),
('puck', 'puk', 'AMERICAN_ENGLISH', 'CZECH'),
('puckish', 'nezbedný,zlobivý', 'AMERICAN_ENGLISH', 'CZECH'),
('puddle', 'kaluž', 'AMERICAN_ENGLISH', 'CZECH'),
('punchbag', 'boxovací pytel', 'AMERICAN_ENGLISH', 'CZECH'),
('punctuation', 'interpunkce', 'AMERICAN_ENGLISH', 'CZECH'),
('pupil', 'žák', 'AMERICAN_ENGLISH', 'CZECH'),
('purse', 'peněženka', 'AMERICAN_ENGLISH', 'CZECH'),
('pursue', 'sledovat', 'AMERICAN_ENGLISH', 'CZECH'),
('put through to somebody', 'předat někomu', 'AMERICAN_ENGLISH', 'CZECH'),
('Q', 'Q', 'AMERICAN_ENGLISH', 'CZECH'),
('qe', 'eq', 'AMERICAN_ENGLISH', 'CZECH'),
('qews', 'qwea', 'AMERICAN_ENGLISH', 'CZECH'),
('qšwae', 'šew', 'AMERICAN_ENGLISH', 'CZECH'),
('quaint', 'kuriózní', 'AMERICAN_ENGLISH', 'CZECH'),
('quartz', 'křemen', 'AMERICAN_ENGLISH', 'CZECH'),
('quiver', 'toulec', 'AMERICAN_ENGLISH', 'CZECH'),
('quiz show', 'kvítz', 'AMERICAN_ENGLISH', 'CZECH'),
('quiz show', 'kvíz', 'AMERICAN_ENGLISH', 'CZECH'),
('quotas', 'kvóty(omezení dovozu, je napříkald uvalena kvóta na některé zboží)', 'AMERICAN_ENGLISH', 'CZECH'),
('quote', 'nabízet', 'AMERICAN_ENGLISH', 'CZECH'),
('qwae', 'qwae', 'AMERICAN_ENGLISH', 'CZECH'),
('qwaeds', 'adws', 'AMERICAN_ENGLISH', 'CZECH'),
('qwaedsawds', 'adwsasd', 'AMERICAN_ENGLISH', 'CZECH'),
('qweds', 'qewdrewqwgevrdsc', 'AMERICAN_ENGLISH', 'CZECH'),
('qwesdwefdscdef', 'dvwerdbfvdsdgwrbdv', 'AMERICAN_ENGLISH', 'CZECH'),
('railings', 'zábradlí', 'AMERICAN_ENGLISH', 'CZECH'),
('raise', 'zvýšit', 'AMERICAN_ENGLISH', 'CZECH'),
('raise issues', 'vznést otázky', 'AMERICAN_ENGLISH', 'CZECH'),
('raise revenue ', 'zvýšit příjem', 'AMERICAN_ENGLISH', 'CZECH'),
('rake', 'hrábě', 'AMERICAN_ENGLISH', 'CZECH'),
('ram', 'beran', 'AMERICAN_ENGLISH', 'CZECH'),
('rancid', 'zatuchlý', 'AMERICAN_ENGLISH', 'CZECH'),
('rash', 'vyrážka', 'AMERICAN_ENGLISH', 'CZECH'),
('rate an exam ', 'opakovat zkoušku ', 'AMERICAN_ENGLISH', 'CZECH'),
('readily ', 'snadno ', 'AMERICAN_ENGLISH', 'CZECH'),
('Realtor', 'Realitní agent', 'AMERICAN_ENGLISH', 'CZECH'),
('reassure ', 'uklidnit ', 'AMERICAN_ENGLISH', 'CZECH'),
('recluse ', 'samotář ', 'AMERICAN_ENGLISH', 'CZECH'),
('recriminate', 'rekriminovat', 'AMERICAN_ENGLISH', 'CZECH'),
('red tape ', 'byrokracie ', 'AMERICAN_ENGLISH', 'CZECH'),
('redundancy pay ', 'odstupné ', 'AMERICAN_ENGLISH', 'CZECH'),
('referee', 'rozhodčí', 'AMERICAN_ENGLISH', 'CZECH'),
('refund', 'vratit(peníze)', 'AMERICAN_ENGLISH', 'CZECH'),
('refurbished', 'renovovaný', 'AMERICAN_ENGLISH', 'CZECH'),
('regard for authority ', 's ohledem na autoritu', 'AMERICAN_ENGLISH', 'CZECH'),
('regressive tax system ', 'regresivní daňový systém ', 'AMERICAN_ENGLISH', 'CZECH'),
('regulatory restrictions ', 'regulační předpisy ', 'AMERICAN_ENGLISH', 'CZECH'),
('rehearsal', 'nácvik, zkouška', 'AMERICAN_ENGLISH', 'CZECH'),
('reimburse', 'uhradit', 'AMERICAN_ENGLISH', 'CZECH'),
('reiterate', 'opakovat,znovu zdůraznit', 'AMERICAN_ENGLISH', 'CZECH'),
('rejection letters ', 'odmítací dopisy ', 'AMERICAN_ENGLISH', 'CZECH'),
('relent', 'zmírnit', 'AMERICAN_ENGLISH', 'CZECH'),
('reliant ', 'závislý ', 'AMERICAN_ENGLISH', 'CZECH'),
('reluctant ', 'neochotný ', 'AMERICAN_ENGLISH', 'CZECH'),
('remark ', 'namítnout, poznamenat ', 'AMERICAN_ENGLISH', 'CZECH'),
('remunerate, pay ', 'platit ', 'AMERICAN_ENGLISH', 'CZECH'),
('renewable ', 'obnovitelné zdroje ', 'AMERICAN_ENGLISH', 'CZECH'),
('renowned', 'unknown', 'AMERICAN_ENGLISH', 'CZECH'),
('repay', 'splatit', 'AMERICAN_ENGLISH', 'CZECH'),
('repayment', 'splátka', 'AMERICAN_ENGLISH', 'CZECH'),
('repeal', 'zrušení', 'AMERICAN_ENGLISH', 'CZECH'),
('request', 'požádat', 'AMERICAN_ENGLISH', 'CZECH'),
('resentful', 'rozmrzelý', 'AMERICAN_ENGLISH', 'CZECH'),
('resentment', 'odpor', 'AMERICAN_ENGLISH', 'CZECH'),
('reside ', 'přebývat ', 'AMERICAN_ENGLISH', 'CZECH'),
('resign, recession', 'odstoupit ', 'AMERICAN_ENGLISH', 'CZECH'),
('resist', 'withstand', 'AMERICAN_ENGLISH', 'CZECH'),
('resolve ', 'vyřešit', 'AMERICAN_ENGLISH', 'CZECH'),
('restrictions of trade ', 'omezení obchodu ', 'AMERICAN_ENGLISH', 'CZECH'),
('resurface ', 'znovu se vynořit ', 'AMERICAN_ENGLISH', 'CZECH'),
('rešwwfs', 'rwef', 'AMERICAN_ENGLISH', 'CZECH'),
('retail spaces ', 'maloobchodní prostory ', 'AMERICAN_ENGLISH', 'CZECH'),
('retain ', 'udržet ', 'AMERICAN_ENGLISH', 'CZECH'),
('retired', 'v důchodu', 'AMERICAN_ENGLISH', 'CZECH'),
('retirement pensions', 'starobní důchody', 'AMERICAN_ENGLISH', 'CZECH'),
('retirement savings plans', 'plány úspory na penzi', 'AMERICAN_ENGLISH', 'CZECH'),
('return', 'výnos', 'AMERICAN_ENGLISH', 'CZECH'),
('reverse', 'zpátečka', 'AMERICAN_ENGLISH', 'CZECH'),
('ring up ', 'zatelefonovat', 'AMERICAN_ENGLISH', 'CZECH'),
('rise ', 'vzestup ', 'AMERICAN_ENGLISH', 'CZECH'),
('roar', 'ře', 'AMERICAN_ENGLISH', 'CZECH'),
('roar', 'řev', 'AMERICAN_ENGLISH', 'CZECH'),
('roller-coaster', 'Horská dráha', 'AMERICAN_ENGLISH', 'CZECH'),
('rolling pin', 'váleček na těsto', 'AMERICAN_ENGLISH', 'CZECH'),
('romanian', 'rumunština', 'AMERICAN_ENGLISH', 'CZECH'),
('room service', 'pokojová služba', 'AMERICAN_ENGLISH', 'CZECH'),
('rooster', 'kohout', 'AMERICAN_ENGLISH', 'CZECH'),
('roughly the same ', 'zhruba stejně ', 'AMERICAN_ENGLISH', 'CZECH'),
('roundabout', 'kruhový objezd', 'AMERICAN_ENGLISH', 'CZECH'),
('royalty', 'honorář', 'AMERICAN_ENGLISH', 'CZECH'),
('rudge', 'plahočit se', 'AMERICAN_ENGLISH', 'CZECH'),
('rullings ', 'rozsudky, rozhodnutí', 'AMERICAN_ENGLISH', 'CZECH'),
('runway', 'přistávací dráha', 'AMERICAN_ENGLISH', 'CZECH'),
('rustle', 'šustění', 'AMERICAN_ENGLISH', 'CZECH'),
('S', 'S', 'AMERICAN_ENGLISH', 'CZECH'),
('s', 'sdd', 'AMERICAN_ENGLISH', 'CZECH'),
('sack ', 'vyhazov ', 'AMERICAN_ENGLISH', 'CZECH'),
('satellite dish', 'parabolická anténa', 'AMERICAN_ENGLISH', 'CZECH'),
('savings account,deposit accoun,time or notice accountt', 'vkladový účet, spořící účet', 'AMERICAN_ENGLISH', 'CZECH'),
('savoury', 'pikantní', 'AMERICAN_ENGLISH', 'CZECH'),
('scaffolding', 'lešení', 'AMERICAN_ENGLISH', 'CZECH'),
('scamper', 'poskakovat', 'AMERICAN_ENGLISH', 'CZECH'),
('scarce', 'vzácný, nedostatkový', 'AMERICAN_ENGLISH', 'CZECH'),
('scarcity ', 'nedostatek ', 'AMERICAN_ENGLISH', 'CZECH'),
('scoff', 'tropit si posměšky', 'AMERICAN_ENGLISH', 'CZECH'),
('scorching', 'spálení', 'AMERICAN_ENGLISH', 'CZECH'),
('scotch tape', 'lepící páska', 'AMERICAN_ENGLISH', 'CZECH'),
('scowls', 'chvění', 'AMERICAN_ENGLISH', 'CZECH'),
('screech', 'pištění', 'AMERICAN_ENGLISH', 'CZECH'),
('scruffy', 'špinavý, zanedbaný', 'AMERICAN_ENGLISH', 'CZECH'),
('scrutinise', 'zkoumat', 'AMERICAN_ENGLISH', 'CZECH'),
('sea level', 'hladina moře', 'AMERICAN_ENGLISH', 'CZECH'),
('sea wall', 'mořská hráz', 'AMERICAN_ENGLISH', 'CZECH'),
('security', 'cenný papír', 'AMERICAN_ENGLISH', 'CZECH'),
('self-perpetuating', 'sebevzdělávání', 'AMERICAN_ENGLISH', 'CZECH'),
('self-sufficient', 'soběstačný', 'AMERICAN_ENGLISH', 'CZECH'),
('semi-detached house', 'dvoupatrový dům(spojený s ostatními domy v řadě pouze zdmi)', 'AMERICAN_ENGLISH', 'CZECH'),
('senior job ', 'vysoce postavený post ', 'AMERICAN_ENGLISH', 'CZECH'),
('serious', 'trivial', 'AMERICAN_ENGLISH', 'CZECH'),
('set objective ', 'stanovit cíl ', 'AMERICAN_ENGLISH', 'CZECH'),
('Shambles', 'Na cucky', 'AMERICAN_ENGLISH', 'CZECH'),
('shares,stocks', 'akcie', 'AMERICAN_ENGLISH', 'CZECH'),
('sharply ', 'prudce,náhle ', 'AMERICAN_ENGLISH', 'CZECH'),
('shell', 'ulita', 'AMERICAN_ENGLISH', 'CZECH'),
('shipper ', 'přepravce ', 'AMERICAN_ENGLISH', 'CZECH'),
('shiver', 'třást se', 'AMERICAN_ENGLISH', 'CZECH'),
('Shoelace', 'Tkanička', 'AMERICAN_ENGLISH', 'CZECH'),
('shoplifing', 'krást v obchodě 	', 'AMERICAN_ENGLISH', 'CZECH'),
('shoplifting', 'krást v obchodě 	', 'AMERICAN_ENGLISH', 'CZECH'),
('shortage ', 'nedostatek ', 'AMERICAN_ENGLISH', 'CZECH'),
('shortfall', 'schodek,deficit', 'AMERICAN_ENGLISH', 'CZECH'),
('shortlist ', 'užší výběr ', 'AMERICAN_ENGLISH', 'CZECH'),
('showdown', 'showdown', 'AMERICAN_ENGLISH', 'CZECH'),
('shrink', 'scvrknout se ', 'AMERICAN_ENGLISH', 'CZECH'),
('shrug your shoulders', 'pokrčit rameny', 'AMERICAN_ENGLISH', 'CZECH'),
('shudder', 'zachvění', 'AMERICAN_ENGLISH', 'CZECH'),
('shutter', 'uzávěr', 'AMERICAN_ENGLISH', 'CZECH'),
('side mirror', 'boční zrcátko', 'AMERICAN_ENGLISH', 'CZECH'),
('sieve', 'síto', 'AMERICAN_ENGLISH', 'CZECH'),
('simmer', 'vřít', 'AMERICAN_ENGLISH', 'CZECH'),
('sink into a trough', 'rychle klesnout ', 'AMERICAN_ENGLISH', 'CZECH'),
('skating rink', 'kluziště', 'AMERICAN_ENGLISH', 'CZECH'),
('skipping', 'poskakovat si', 'AMERICAN_ENGLISH', 'CZECH'),
('sleeping bag', 'spací pytel', 'AMERICAN_ENGLISH', 'CZECH'),
('sleigh', 'sáně', 'AMERICAN_ENGLISH', 'CZECH'),
('slide ', 'sklouznout,klouzat', 'AMERICAN_ENGLISH', 'CZECH'),
('slippers', 'bačkory', 'AMERICAN_ENGLISH', 'CZECH'),
('slogan, tagline ', 'motto, heslo ', 'AMERICAN_ENGLISH', 'CZECH'),
('slovo', 'word', 'AMERICAN_ENGLISH', 'CZECH'),
('slump ', 'prudce klesnout, propadnout se ', 'AMERICAN_ENGLISH', 'CZECH'),
('small talk ', 'pokec ', 'AMERICAN_ENGLISH', 'CZECH'),
('smile', 'frown', 'AMERICAN_ENGLISH', 'CZECH'),
('snag', 'zádrhel', 'AMERICAN_ENGLISH', 'CZECH'),
('snap', 'křupnutí', 'AMERICAN_ENGLISH', 'CZECH'),
('sneer', 'úšklebek', 'AMERICAN_ENGLISH', 'CZECH'),
('snore', 'chrápat', 'AMERICAN_ENGLISH', 'CZECH'),
('snorkel', 'šnorchl', 'AMERICAN_ENGLISH', 'CZECH'),
('snuggle', 'přitulit se', 'AMERICAN_ENGLISH', 'CZECH'),
('snugly', 'pohodlně', 'AMERICAN_ENGLISH', 'CZECH'),
('soap dish', 'miska na mýdlo', 'AMERICAN_ENGLISH', 'CZECH'),
('soar', 'vznášet se, vzlétat ', 'AMERICAN_ENGLISH', 'CZECH'),
('sob', 'vzlykat', 'AMERICAN_ENGLISH', 'CZECH'),
('social security, welfare', 'sociální pojištění', 'AMERICAN_ENGLISH', 'CZECH'),
('sole provider ', 'jediný poskytovatel ', 'AMERICAN_ENGLISH', 'CZECH'),
('somthing is a done deal', 'něco, co je to hotová věc', 'AMERICAN_ENGLISH', 'CZECH'),
('son-in-law', 'zeť', 'AMERICAN_ENGLISH', 'CZECH'),
('sorrowful', 'zarmoucený', 'AMERICAN_ENGLISH', 'CZECH'),
('sourcing ', 'získávání ', 'AMERICAN_ENGLISH', 'CZECH'),
('spacious', 'prostorný', 'AMERICAN_ENGLISH', 'CZECH'),
('spade', 'rýč', 'AMERICAN_ENGLISH', 'CZECH'),
('spat', 'vyměšovat jikry', 'AMERICAN_ENGLISH', 'CZECH'),
('spate', 'záplava', 'AMERICAN_ENGLISH', 'CZECH'),
('speak up ', 'mluvit nahlas', 'AMERICAN_ENGLISH', 'CZECH'),
('specialize in ', 'specializovat se na ', 'AMERICAN_ENGLISH', 'CZECH'),
('sphere', 'koule', 'AMERICAN_ENGLISH', 'CZECH'),
('splash', 'cáknutí', 'AMERICAN_ENGLISH', 'CZECH'),
('spokesperson ', 'tiskový mluvčí ', 'AMERICAN_ENGLISH', 'CZECH'),
('spotlight', 'reflektor', 'AMERICAN_ENGLISH', 'CZECH'),
('sprain your ankle', 'vymknout si kotník', 'AMERICAN_ENGLISH', 'CZECH'),
('square deal,fair bargain ', 'solidní jednání, férová dohoda', 'AMERICAN_ENGLISH', 'CZECH'),
('squeak', 'kvičet', 'AMERICAN_ENGLISH', 'CZECH'),
('ss', 's', 'AMERICAN_ENGLISH', 'CZECH'),
('šš', 'šš', 'AMERICAN_ENGLISH', 'CZECH'),
('sss', 'ssssssssssss', 'AMERICAN_ENGLISH', 'CZECH'),
('sssd', 'ssssssssssss', 'AMERICAN_ENGLISH', 'CZECH'),
('staff costs', 'náklady na zaměstnance', 'AMERICAN_ENGLISH', 'CZECH'),
('staffing levels ', 'počet zaměstnanců', 'AMERICAN_ENGLISH', 'CZECH'),
('stagger', 'vrávorat', 'AMERICAN_ENGLISH', 'CZECH'),
('stained glass', 'barvené sklo', 'AMERICAN_ENGLISH', 'CZECH'),
('stakeholder ', 'podílník, zainteresovaná osoba ', 'AMERICAN_ENGLISH', 'CZECH'),
('stale', 'zatuchlý', 'AMERICAN_ENGLISH', 'CZECH'),
('stalls', 'křesla v přízemí', 'AMERICAN_ENGLISH', 'CZECH'),
('stamp your foot', 'dupnout', 'AMERICAN_ENGLISH', 'CZECH'),
('stand', 'stojánek', 'AMERICAN_ENGLISH', 'CZECH'),
('standards of living ', 'životní úrověň', 'AMERICAN_ENGLISH', 'CZECH'),
('standing order', 'trvalý příkaz', 'AMERICAN_ENGLISH', 'CZECH'),
('stapler', 'sešívačka', 'AMERICAN_ENGLISH', 'CZECH'),
('staples', 'sponky', 'AMERICAN_ENGLISH', 'CZECH'),
('Starch', 'Škrob', 'AMERICAN_ENGLISH', 'CZECH'),
('stark', 'příkrý,strohý', 'AMERICAN_ENGLISH', 'CZECH'),
('statement', 'výkaz', 'AMERICAN_ENGLISH', 'CZECH'),
('steadily ', 'vytrvale,stále (se něco mění) ', 'AMERICAN_ENGLISH', 'CZECH'),
('stem', 'stonek', 'AMERICAN_ENGLISH', 'CZECH'),
('stew', 'dusit', 'AMERICAN_ENGLISH', 'CZECH'),
('stick', 'hůl', 'AMERICAN_ENGLISH', 'CZECH'),
('stifling', 'nedýchatelno, těžké na dýchání', 'AMERICAN_ENGLISH', 'CZECH'),
('still life', 'zátiší', 'AMERICAN_ENGLISH', 'CZECH'),
('stimulate ', 'podněcovat', 'AMERICAN_ENGLISH', 'CZECH'),
('stock broker', 'burzovní makléř', 'AMERICAN_ENGLISH', 'CZECH'),
('stock market ', 'akciový trh ', 'AMERICAN_ENGLISH', 'CZECH'),
('storey', 'podlaží', 'AMERICAN_ENGLISH', 'CZECH'),
('stork', 'čáp', 'AMERICAN_ENGLISH', 'CZECH'),
('stow', 'uložit(bezpečně uschovat)', 'AMERICAN_ENGLISH', 'CZECH'),
('straight line ', 'přímka ', 'AMERICAN_ENGLISH', 'CZECH'),
('stress ', 'přízvuk', 'AMERICAN_ENGLISH', 'CZECH'),
('stretcher', 'nosítka', 'AMERICAN_ENGLISH', 'CZECH'),
('strike, cut, seal a deal ', 'uzavřít dohodu', 'AMERICAN_ENGLISH', 'CZECH'),
('strive for ', 'usilovat o ', 'AMERICAN_ENGLISH', 'CZECH'),
('stroll', 'procházet se', 'AMERICAN_ENGLISH', 'CZECH'),
('stutter', 'koktat', 'AMERICAN_ENGLISH', 'CZECH'),
('subcontract', 'subdodávky ', 'AMERICAN_ENGLISH', 'CZECH'),
('subject to ', 'na základě', 'AMERICAN_ENGLISH', 'CZECH'),
('subsequently', 'následně', 'AMERICAN_ENGLISH', 'CZECH'),
('subsidy', 'dotace', 'AMERICAN_ENGLISH', 'CZECH'),
('suburban', 'předměstské', 'AMERICAN_ENGLISH', 'CZECH'),
('sunroof', 'střešní okno', 'AMERICAN_ENGLISH', 'CZECH'),
('superior ', 'nadřízený ', 'AMERICAN_ENGLISH', 'CZECH'),
('supper', 'večeře', 'AMERICAN_ENGLISH', 'CZECH'),
('supply', 'nabídka', 'AMERICAN_ENGLISH', 'CZECH'),
('supply chain ', 'dodavatelský řetězec ', 'AMERICAN_ENGLISH', 'CZECH'),
('surcharge', 'příplatek', 'AMERICAN_ENGLISH', 'CZECH'),
('surge ', 'nával, příval', 'AMERICAN_ENGLISH', 'CZECH'),
('surplus ', 'přebytek ', 'AMERICAN_ENGLISH', 'CZECH'),
('suspenders', 'podvazky', 'AMERICAN_ENGLISH', 'CZECH'),
('sustainable', 'udržitelný ', 'AMERICAN_ENGLISH', 'CZECH'),
('sweatshops ', 'manufaktury ', 'AMERICAN_ENGLISH', 'CZECH'),
('swerve', 'říznout (zatáčku)', 'AMERICAN_ENGLISH', 'CZECH'),
('swiftly', 'rychle', 'AMERICAN_ENGLISH', 'CZECH'),
('swivel chair', 'otáčecí židle', 'AMERICAN_ENGLISH', 'CZECH'),
('tabloid', 'bulvár', 'AMERICAN_ENGLISH', 'CZECH'),
('taillight', 'zadní světlo', 'AMERICAN_ENGLISH', 'CZECH'),
('tailor', 'krejčí', 'AMERICAN_ENGLISH', 'CZECH'),
('take an exam, do an exam, sit an exam', 'udělat zkoušku', 'AMERICAN_ENGLISH', 'CZECH'),
('take and exam, do an exam, sit an exam', 'udělat zkoušku', 'AMERICAN_ENGLISH', 'CZECH'),
('take into account ', 'vzít v úvahu ', 'AMERICAN_ENGLISH', 'CZECH'),
('take notice of', 'vzít na vědomí', 'AMERICAN_ENGLISH', 'CZECH'),
('take off ', 'svléci ', 'AMERICAN_ENGLISH', 'CZECH'),
('take out a loan', 'vzít si půjčku', 'AMERICAN_ENGLISH', 'CZECH'),
('take steps ', 'podnikat kroky ', 'AMERICAN_ENGLISH', 'CZECH'),
('takeover', 'převzetí', 'AMERICAN_ENGLISH', 'CZECH'),
('tamper ', 'falšovat ', 'AMERICAN_ENGLISH', 'CZECH'),
('tangible asset ', 'hmotný majetek', 'AMERICAN_ENGLISH', 'CZECH'),
('tanned', 'opálený', 'AMERICAN_ENGLISH', 'CZECH'),
('taolor', 'krejčí', 'AMERICAN_ENGLISH', 'CZECH'),
('tapestry', 'gobelín', 'AMERICAN_ENGLISH', 'CZECH'),
('tariff ', 'clo, celní poplatek, tarif', 'AMERICAN_ENGLISH', 'CZECH'),
('tart', 'kyselý,trpký', 'AMERICAN_ENGLISH', 'CZECH'),
('tax advisor ', 'daňový poradce ', 'AMERICAN_ENGLISH', 'CZECH'),
('tax avoidance ', 'daňová optimalizace ', 'AMERICAN_ENGLISH', 'CZECH'),
('tax charge ', 'účtovat daň', 'AMERICAN_ENGLISH', 'CZECH'),
('tax collector', 'výběrčí daní', 'AMERICAN_ENGLISH', 'CZECH'),
('tax deduction ', 'srážka daně ', 'AMERICAN_ENGLISH', 'CZECH'),
('tax evasion', 'daňový únik', 'AMERICAN_ENGLISH', 'CZECH'),
('tax exemption', 'osvobození od daně', 'AMERICAN_ENGLISH', 'CZECH'),
('tax form', 'daňový formulář', 'AMERICAN_ENGLISH', 'CZECH'),
('tax gatherer, collector', 'výběrčí daní', 'AMERICAN_ENGLISH', 'CZECH'),
('tax haven', 'daňový ráj(čte se hejvn)', 'AMERICAN_ENGLISH', 'CZECH'),
('tax liability', 'daňová povinnost', 'AMERICAN_ENGLISH', 'CZECH'),
('tax refund ', 'přeplatek daně (jsou nám vráceny peníze)', 'AMERICAN_ENGLISH', 'CZECH'),
('tax relief, tax allowance ', 'daňová úleva ', 'AMERICAN_ENGLISH', 'CZECH'),
('tax return', 'daňové přiznání', 'AMERICAN_ENGLISH', 'CZECH'),
('tax revenue', 'daňové příjmy', 'AMERICAN_ENGLISH', 'CZECH'),
('teller', 'pokladník', 'AMERICAN_ENGLISH', 'CZECH'),
('temporary ', 'dočasný(práce)', 'AMERICAN_ENGLISH', 'CZECH'),
('tenatious', 'vytrvalý', 'AMERICAN_ENGLISH', 'CZECH'),
('tend to favour ', 'upřednostňovat ', 'AMERICAN_ENGLISH', 'CZECH'),
('terraced house', 'řadový dům', 'AMERICAN_ENGLISH', 'CZECH'),
('the latter', 'poslední jmenovaný z výčtu', 'AMERICAN_ENGLISH', 'CZECH'),
('the origin ', 'počátek (v grafu)', 'AMERICAN_ENGLISH', 'CZECH'),
('therefore ', 'Proto ', 'AMERICAN_ENGLISH', 'CZECH'),
('thick fog', 'hustá mlha', 'AMERICAN_ENGLISH', 'CZECH'),
('thick-skinned', 'necitlivý', 'AMERICAN_ENGLISH', 'CZECH'),
('thrives, flourishes ', 'prospívá ', 'AMERICAN_ENGLISH', 'CZECH'),
('thus', 'tím pádem', 'AMERICAN_ENGLISH', 'CZECH'),
('till', 'pokladna', 'AMERICAN_ENGLISH', 'CZECH'),
('timber', 'dřevo', 'AMERICAN_ENGLISH', 'CZECH'),
('timber', 'dřevon', 'AMERICAN_ENGLISH', 'CZECH'),
('timeless ', 'nadčasový ', 'AMERICAN_ENGLISH', 'CZECH'),
('timeline ', 'časová osa', 'AMERICAN_ENGLISH', 'CZECH'),
('tin opener', 'otvírák na konzervy', 'AMERICAN_ENGLISH', 'CZECH'),
('tincture', 'tinktura', 'AMERICAN_ENGLISH', 'CZECH'),
('tip', 'spropitné', 'AMERICAN_ENGLISH', 'CZECH'),
('to blow a whistle', 'zapískat na píšťalku', 'AMERICAN_ENGLISH', 'CZECH'),
('to challenge', 'zpochybnit, vznést námitky', 'AMERICAN_ENGLISH', 'CZECH'),
('to discourage ', 'odradit ', 'AMERICAN_ENGLISH', 'CZECH'),
('to employ', 'použít', 'AMERICAN_ENGLISH', 'CZECH'),
('to line up with something ', 'vyrovnávat se z něčím ', 'AMERICAN_ENGLISH', 'CZECH'),
('to list', 'vyjmenovat', 'AMERICAN_ENGLISH', 'CZECH'),
('to state ', 'uvést, oznámit', 'AMERICAN_ENGLISH', 'CZECH'),
('to weed out something ', 'vyřadit něco ', 'AMERICAN_ENGLISH', 'CZECH'),
('toast', 'přípitek', 'AMERICAN_ENGLISH', 'CZECH'),
('toddler', 'batole', 'AMERICAN_ENGLISH', 'CZECH'),
('token', 'žeton', 'AMERICAN_ENGLISH', 'CZECH'),
('torrential rain', 'prudký déšť', 'AMERICAN_ENGLISH', 'CZECH'),
('tourniquet', 'turniket', 'AMERICAN_ENGLISH', 'CZECH'),
('tower', 'věž', 'AMERICAN_ENGLISH', 'CZECH'),
('tracksuit', 'tepláková souprava', 'AMERICAN_ENGLISH', 'CZECH'),
('trade alliance, trade bloc, trade agreement', 'mezinárodní obchodní dohoda, aliance', 'AMERICAN_ENGLISH', 'CZECH'),
('trademark', 'ochranná známka', 'AMERICAN_ENGLISH', 'CZECH'),
('traffic warder', 'dopravní policista', 'AMERICAN_ENGLISH', 'CZECH'),
('tranquil', 'klidný', 'AMERICAN_ENGLISH', 'CZECH'),
('treasury bonds', 'státní dluhopisy', 'AMERICAN_ENGLISH', 'CZECH'),
('tributary', 'přítok', 'AMERICAN_ENGLISH', 'CZECH'),
('trifling', 'bezvýznamný', 'AMERICAN_ENGLISH', 'CZECH'),
('trough', 'dno', 'AMERICAN_ENGLISH', 'CZECH'),
('trout', 'pstruh', 'AMERICAN_ENGLISH', 'CZECH'),
('trudge', 'plahočit se', 'AMERICAN_ENGLISH', 'CZECH'),
('trunk', 'koupací oblek', 'AMERICAN_ENGLISH', 'CZECH'),
('trustworthy', 'důveryhodný', 'AMERICAN_ENGLISH', 'CZECH'),
('try on', 'zkusit', 'AMERICAN_ENGLISH', 'CZECH'),
('tune in', 'naladit', 'AMERICAN_ENGLISH', 'CZECH'),
('turd', 'hovno', 'AMERICAN_ENGLISH', 'CZECH'),
('turf wars', 'válka o území(mezi gangy)', 'AMERICAN_ENGLISH', 'CZECH'),
('tush', 'hýždě člověka', 'AMERICAN_ENGLISH', 'CZECH'),
('tusk', 'kel', 'AMERICAN_ENGLISH', 'CZECH'),
('twin room', 'dvoulůžkový pokoj', 'AMERICAN_ENGLISH', 'CZECH'),
('twitter', 'cvrdlikání', 'AMERICAN_ENGLISH', 'CZECH'),
('twitter', 'cvrlikání', 'AMERICAN_ENGLISH', 'CZECH'),
('ubiquitous', 'všudypřítomný', 'AMERICAN_ENGLISH', 'CZECH'),
('umpire', 'rozhodčí v tenisu', 'AMERICAN_ENGLISH', 'CZECH'),
('unaltered ', 'v nezměněném stavu ', 'AMERICAN_ENGLISH', 'CZECH'),
('underlying asset class', 'základní třída aktiv', 'AMERICAN_ENGLISH', 'CZECH'),
('underpants', 'spodky', 'AMERICAN_ENGLISH', 'CZECH'),
('undertake ', 'ujmout se, vzít si ', 'AMERICAN_ENGLISH', 'CZECH'),
('undo', 'vrátit', 'AMERICAN_ENGLISH', 'CZECH'),
('unduly', 'neoprávněně', 'AMERICAN_ENGLISH', 'CZECH'),
('unemployment benefit', 'podpora v nezaměstnanosti', 'AMERICAN_ENGLISH', 'CZECH'),
('unit ', 'oddělení ', 'AMERICAN_ENGLISH', 'CZECH'),
('unless', 'ledaže', 'AMERICAN_ENGLISH', 'CZECH'),
('unwillingness to', 'neochota', 'AMERICAN_ENGLISH', 'CZECH'),
('urban smog', 'městský smog', 'AMERICAN_ENGLISH', 'CZECH'),
('urgent problem', 'naléhavý problém', 'AMERICAN_ENGLISH', 'CZECH'),
('utilize,use ', 'použít ', 'AMERICAN_ENGLISH', 'CZECH'),
('utter', 'naprostý', 'AMERICAN_ENGLISH', 'CZECH'),
('v', 'v', 'AMERICAN_ENGLISH', 'CZECH'),
('vague', 'vágní,nejasný, neurčitý', 'AMERICAN_ENGLISH', 'CZECH'),
('vaguely ', 'nějasně ', 'AMERICAN_ENGLISH', 'CZECH'),
('value added tax ', 'DPH', 'AMERICAN_ENGLISH', 'CZECH'),
('vary ', 'lišit se ', 'AMERICAN_ENGLISH', 'CZECH'),
('vast', 'nesmírný', 'AMERICAN_ENGLISH', 'CZECH'),
('vault', 'Trezor', 'AMERICAN_ENGLISH', 'CZECH'),
('veal', 'telecí maso', 'AMERICAN_ENGLISH', 'CZECH'),
('vehicle tax ', 'silniční daň ', 'AMERICAN_ENGLISH', 'CZECH'),
('venture capital firms', 'firmy, které pomáhají nové začínajícím společnostem', 'AMERICAN_ENGLISH', 'CZECH'),
('vernacular', 'nářečí,žargon', 'AMERICAN_ENGLISH', 'CZECH'),
('versed', 'zběhlý', 'AMERICAN_ENGLISH', 'CZECH'),
('verve', 'elán', 'AMERICAN_ENGLISH', 'CZECH'),
('vice', 'svěrák', 'AMERICAN_ENGLISH', 'CZECH'),
('vigilant', 'bdělý', 'AMERICAN_ENGLISH', 'CZECH'),
('visible trade ', 'vývoz a dovoz zboží', 'AMERICAN_ENGLISH', 'CZECH'),
('volatility', 'těkavost', 'AMERICAN_ENGLISH', 'CZECH'),
('vowel', 'samohláska', 'AMERICAN_ENGLISH', 'CZECH'),
('voyage', 'plavba', 'AMERICAN_ENGLISH', 'CZECH'),
('vulture', 'sup', 'AMERICAN_ENGLISH', 'CZECH'),
('w', 'w', 'AMERICAN_ENGLISH', 'CZECH'),
('WAES', 'WAESD', 'AMERICAN_ENGLISH', 'CZECH'),
('walrus', 'mrož', 'AMERICAN_ENGLISH', 'CZECH'),
('washer jet', 'ostřikovač', 'AMERICAN_ENGLISH', 'CZECH'),
('washing line', 'šňůra na věšení prádla', 'AMERICAN_ENGLISH', 'CZECH'),
('wdas', 'da', 'AMERICAN_ENGLISH', 'CZECH'),
('we', 'aqew', 'AMERICAN_ENGLISH', 'CZECH'),
('we', 'e', 'AMERICAN_ENGLISH', 'CZECH'),
('weary ', 'unavený ', 'AMERICAN_ENGLISH', 'CZECH'),
('Web', 'y', 'AMERICAN_ENGLISH', 'CZECH'),
('wed', 'de', 'AMERICAN_ENGLISH', 'CZECH'),
('welder', 'svářeč', 'AMERICAN_ENGLISH', 'CZECH'),
('wellingtons', 'gumáky', 'AMERICAN_ENGLISH', 'CZECH'),
('WES', 'E', 'AMERICAN_ENGLISH', 'CZECH'),
('wesd', 'qwaedfsvcsdfvc', 'AMERICAN_ENGLISH', 'CZECH'),
('wheat ', 'pšenice ', 'AMERICAN_ENGLISH', 'CZECH'),
('whilst ', 'zatímco ,kdežto', 'AMERICAN_ENGLISH', 'CZECH'),
('Whiny', 'Ufňukaný', 'AMERICAN_ENGLISH', 'CZECH'),
('wholesaler ', 'velkoobchodník ', 'AMERICAN_ENGLISH', 'CZECH'),
('wicked', 'zlý', 'AMERICAN_ENGLISH', 'CZECH'),
('wickedd', 'zlý', 'AMERICAN_ENGLISH', 'CZECH'),
('will', 'vůle', 'AMERICAN_ENGLISH', 'CZECH'),
('willing', 'reluctant', 'AMERICAN_ENGLISH', 'CZECH'),
('win-win solution', 'oboustraně výhodné řešení ', 'AMERICAN_ENGLISH', 'CZECH'),
('wind turbines', 'větrné turbíny', 'AMERICAN_ENGLISH', 'CZECH'),
('window sill', 'okenní parapet', 'AMERICAN_ENGLISH', 'CZECH'),
('wiperblades', 'stěrače', 'AMERICAN_ENGLISH', 'CZECH'),
('withdraw', 'vybrat peníze', 'AMERICAN_ENGLISH', 'CZECH'),
('woodwork', 'vyřezávání ze dřava', 'AMERICAN_ENGLISH', 'CZECH'),
('woodwork', 'vyřezávání ze dřeva', 'AMERICAN_ENGLISH', 'CZECH'),
('workforce ', 'pracovní síla ', 'AMERICAN_ENGLISH', 'CZECH'),
('world trade organisation(WTO)', 'světová obchodní organizace ', 'AMERICAN_ENGLISH', 'CZECH'),
('worn out', 'obnošené', 'AMERICAN_ENGLISH', 'CZECH'),
('wreath', 'věnec', 'AMERICAN_ENGLISH', 'CZECH'),
('X', 'X', 'AMERICAN_ENGLISH', 'CZECH'),
('yawn', 'závnout', 'AMERICAN_ENGLISH', 'CZECH'),
('yawn', 'zívnout', 'AMERICAN_ENGLISH', 'CZECH'),
('yolks', 'žloutek', 'AMERICAN_ENGLISH', 'CZECH'),
('Z', 'Z', 'AMERICAN_ENGLISH', 'CZECH');

--
-- Klíče pro exportované tabulky
--

--
-- Klíče pro tabulku `activate_account`
--
ALTER TABLE `activate_account`
  ADD PRIMARY KEY (`accessToken`),
  ADD KEY `id` (`id`);

--
-- Klíče pro tabulku `change_password`
--
ALTER TABLE `change_password`
  ADD PRIMARY KEY (`accessToken`),
  ADD KEY `id` (`id`);

--
-- Klíče pro tabulku `client`
--
ALTER TABLE `client`
  ADD PRIMARY KEY (`id`) USING BTREE,
  ADD UNIQUE KEY `name` (`name`);

--
-- Klíče pro tabulku `contains_of`
--
ALTER TABLE `contains_of`
  ADD PRIMARY KEY (`id_dictionary`,`first_value`,`second_value`) USING BTREE,
  ADD KEY `FK_CONTAINS_VALUES` (`first_value`,`second_value`);

--
-- Klíče pro tabulku `dictionary`
--
ALTER TABLE `dictionary`
  ADD PRIMARY KEY (`id_dictionary`),
  ADD UNIQUE KEY `ID` (`id`,`dictionary_name`) USING BTREE;

--
-- Klíče pro tabulku `practice`
--
ALTER TABLE `practice`
  ADD PRIMARY KEY (`id_practice`) USING BTREE,
  ADD UNIQUE KEY `PRACTICE_NAME` (`practice_name`,`id`) USING BTREE,
  ADD KEY `FK_CLIENT_ID` (`id`);

--
-- Klíče pro tabulku `practice_content`
--
ALTER TABLE `practice_content`
  ADD PRIMARY KEY (`id_practice`,`id_dictionary`,`first_value`,`second_value`),
  ADD KEY `FK_ID_DICTIONARY` (`id_dictionary`,`first_value`,`second_value`) USING BTREE,
  ADD KEY `FK_CONTAINS_OF` (`first_value`,`second_value`,`id_dictionary`);

--
-- Klíče pro tabulku `remember_me`
--
ALTER TABLE `remember_me`
  ADD PRIMARY KEY (`seriesId`(4)),
  ADD KEY `CLIENT_ID` (`clientId`);

--
-- Klíče pro tabulku `vocabulary`
--
ALTER TABLE `vocabulary`
  ADD PRIMARY KEY (`first_value`,`second_value`) USING BTREE;

--
-- AUTO_INCREMENT pro tabulky
--

--
-- AUTO_INCREMENT pro tabulku `client`
--
ALTER TABLE `client`
  MODIFY `id` int(255) NOT NULL AUTO_INCREMENT, AUTO_INCREMENT=235;
--
-- AUTO_INCREMENT pro tabulku `dictionary`
--
ALTER TABLE `dictionary`
  MODIFY `id_dictionary` int(255) NOT NULL AUTO_INCREMENT, AUTO_INCREMENT=89725;
--
-- AUTO_INCREMENT pro tabulku `practice`
--
ALTER TABLE `practice`
  MODIFY `id_practice` int(11) NOT NULL AUTO_INCREMENT, AUTO_INCREMENT=243;
--
-- Omezení pro exportované tabulky
--

--
-- Omezení pro tabulku `activate_account`
--
ALTER TABLE `activate_account`
  ADD CONSTRAINT `activate_account_ibfk_1` FOREIGN KEY (`id`) REFERENCES `client` (`id`) ON DELETE CASCADE ON UPDATE CASCADE;

--
-- Omezení pro tabulku `change_password`
--
ALTER TABLE `change_password`
  ADD CONSTRAINT `change_password_ibfk_1` FOREIGN KEY (`id`) REFERENCES `client` (`id`) ON DELETE CASCADE ON UPDATE CASCADE;

--
-- Omezení pro tabulku `contains_of`
--
ALTER TABLE `contains_of`
  ADD CONSTRAINT `contains_of_ibfk_2` FOREIGN KEY (`id_dictionary`) REFERENCES `dictionary` (`id_dictionary`) ON DELETE CASCADE,
  ADD CONSTRAINT `contains_of_ibfk_3` FOREIGN KEY (`first_value`,`second_value`) REFERENCES `vocabulary` (`first_value`, `second_value`) ON DELETE CASCADE;

--
-- Omezení pro tabulku `dictionary`
--
ALTER TABLE `dictionary`
  ADD CONSTRAINT `dictionary_ibfk_1` FOREIGN KEY (`id`) REFERENCES `client` (`id`) ON DELETE CASCADE;

--
-- Omezení pro tabulku `practice`
--
ALTER TABLE `practice`
  ADD CONSTRAINT `FK_CLIENT_ID` FOREIGN KEY (`id`) REFERENCES `client` (`id`) ON DELETE CASCADE ON UPDATE CASCADE;

--
-- Omezení pro tabulku `practice_content`
--
ALTER TABLE `practice_content`
  ADD CONSTRAINT `FK_ID_DICTIONARY` FOREIGN KEY (`id_dictionary`) REFERENCES `dictionary` (`id_dictionary`) ON DELETE CASCADE ON UPDATE CASCADE,
  ADD CONSTRAINT `FK_ID_PRACTICE` FOREIGN KEY (`id_practice`) REFERENCES `practice` (`id_practice`) ON DELETE CASCADE ON UPDATE CASCADE,
  ADD CONSTRAINT `FK_VOCABULARY` FOREIGN KEY (`first_value`,`second_value`) REFERENCES `contains_of` (`first_value`, `second_value`) ON DELETE CASCADE ON UPDATE CASCADE;

--
-- Omezení pro tabulku `remember_me`
--
ALTER TABLE `remember_me`
  ADD CONSTRAINT `remember_me_ibfk_1` FOREIGN KEY (`clientId`) REFERENCES `client` (`id`) ON DELETE CASCADE ON UPDATE CASCADE;

/*!40101 SET CHARACTER_SET_CLIENT=@OLD_CHARACTER_SET_CLIENT */;
/*!40101 SET CHARACTER_SET_RESULTS=@OLD_CHARACTER_SET_RESULTS */;
/*!40101 SET COLLATION_CONNECTION=@OLD_COLLATION_CONNECTION */;
